Time (s),Current (A),Voltage (V),Torque (Nm),RPM
1.6995777,0.609999999999999,24.69,0.2,0
1.7329333,0.631,24.69,0.2,0
1.7662222,0.630000000000001,24.69,0.2,0
1.7995888,0.630000000000001,24.869,0.2,0
1.8328777,0.630000000000001,24.869,0.2,0
1.8662,0.630000000000001,24.69,0.2,0
1.8995333,0.630000000000001,24.69,0.2,0
1.9328555,0.630000000000001,24.69,0.2,0
1.9661666,0.630000000000001,24.69,0.2,0
1.9995111,0.630000000000001,24.69,0.2,0
2.0328444,0.630000000000001,24.69,0.2,0
2.0663666,0.630000000000001,24.69,0.2,0
2.0994666,0.630000000000001,24.69,0.2,0
2.1328,0.630000000000001,24.69,0.2,34
2.1661222,0.630000000000001,24.69,0.2,34
2.1994444,0.6,24.69,0.2,34
2.2327666,0.609999999999999,24.69,0.2,34
2.2660888,0.609999999999999,24.69,0.2,34
2.2998888,0.609999999999999,24.69,0.2,34
2.3327555,0.609999999999999,24.69,0.2,34
2.3660666,0.609999999999999,24.69,0.2,34
2.3994,0.609999999999999,24.69,0.2,34
2.4327111,0.609999999999999,24.69,0.2,34
2.4660444,0.609999999999999,24.69,0.2,34
2.4993555,0.609999999999999,24.69,0.2,34
2.5326888,0.609999999999999,24.69,0.2,34
2.5661444,0.609999999999999,24.69,0.2,34
2.5993444,0.609999999999999,24.869,0.2,34
2.6326666,0.609999999999999,24.89,0.2,34
2.6659888,0.609999999999999,24.89,0.2,35
2.6993333,0.619999999999999,24.89,0.2,35
2.7326444,0.619999999999999,24.79,0.2,35
2.7659666,0.619999999999999,24.79,0.2,35
2.7993,0.619999999999999,24.79,0.2,35
2.8326777,0.619999999999999,24.79,0.2,35
2.8659666,0.619999999999999,24.79,0.2,35
2.8993111,0.619999999999999,24.79,0.2,35
2.9326888,0.619999999999999,24.79,0.2,35
2.9659111,0.619999999999999,24.89,0.2,35
2.9993333,0.619999999999999,24.89,0.2,35
3.0325666,0.619999999999999,24.89,0.2,35
3.0658888,0.619999999999999,24.89,0.2,35
3.0992555,0.619999999999999,24.89,0.2,35
3.1325777,0.619999999999999,24.89,0.2,35
3.1658777,0.630000000000001,24.89,0.2,35
3.1992,0.630000000000001,24.89,0.2,35
3.2325111,0.630000000000001,24.89,0.2,35
3.2658333,0.630000000000001,24.89,0.2,35
3.2991555,0.630000000000001,24.89,0.2,35
3.3324888,0.630000000000001,24.89,0.2,35
3.3660111,0.630000000000001,24.89,0.2,35
3.3991333,0.630000000000001,24.89,0.2,35
3.4325111,0.630000000000001,24.89,0.2,35
3.4657777,0.630000000000001,24.869,0.2,35
3.4991111,0.630000000000001,24.869,0.2,35
3.5327555,0.630000000000001,24.869,0.2,35
3.5657666,0.630000000000001,24.69,0.2,35
3.5990777,0.630000000000001,24.69,0.2,35
3.6324111,0.630000000000001,24.69,0.2,35
3.6657333,0.630000000000001,24.69,0.2,35
3.6990666,0.630000000000001,24.69,0.2,35
3.7323888,0.630000000000001,24.69,0.2,35
3.7657,0.630000000000001,24.69,0.2,35
3.7991111,0.630000000000001,24.69,0.2,35
3.8323555,0.630000000000001,24.69,0.2,35
3.8656777,0.630000000000001,24.69,0.2,35
3.8990111,0.630000000000001,24.69,0.2,35
3.9323333,0.630000000000001,24.89,0.2,35
3.9656777,0.630000000000001,24.89,0.2,35
3.9989888,0.630000000000001,24.89,0.2,35
4.0323222,0.630000000000001,24.89,0.2,35
4.0656333,0.630000000000001,24.7,0.2,35
4.0990222,0.630000000000001,24.729,0.2,35
4.1323888,0.630000000000001,24.77,0.2,35
4.1656111,0.630000000000001,24.729,0.2,35
4.1989333,0.630000000000001,24.79,0.2,35
4.2323222,0.630000000000001,24.77,0.2,35
4.2656,0.630000000000001,24.89,0.2,35
4.2989222,0.630000000000001,24.89,0.2,35
4.3322777,0.630000000000001,24.89,0.2,35
4.3655666,0.630000000000001,24.89,0.2,35
4.3990111,0.630000000000001,24.89,0.2,35
4.4322444,0.630000000000001,24.89,0.2,35
4.4656888,0.630000000000001,24.89,0.2,35
4.4988444,0.619999999999999,24.89,0.2,35
4.5321888,0.619999999999999,24.89,0.2,35
4.5655222,0.619999999999999,24.89,0.2,35
4.5988333,0.619999999999999,24.89,0.2,35
4.6321666,0.619999999999999,24.89,0.2,35
4.6654888,0.619999999999999,24.89,0.2,35
4.6988111,0.619999999999999,24.89,0.2,35
4.7321333,0.619999999999999,24.89,0.2,35
4.7654555,0.619999999999999,24.89,0.2,35
4.7987888,0.619999999999999,24.89,0.2,35
4.8321111,0.619999999999999,24.89,0.2,35
4.8654444,0.619999999999999,24.869,0.2,35
4.8987555,0.619999999999999,24.869,0.2,35
4.9321,0.619999999999999,24.869,0.2,35
4.9654111,0.630000000000001,24.869,0.2,35
4.9988111,0.630000000000001,24.869,0.2,35
5.0320555,0.630000000000001,24.869,0.2,35
5.0653777,0.630000000000001,24.869,0.2,35
5.0989333,0.630000000000001,24.869,0.2,35
5.1320666,0.630000000000001,24.869,0.2,35
5.1653666,0.630000000000001,24.869,0.2,35
5.1986888,0.630000000000001,24.869,0.2,35
5.2320111,0.630000000000001,24.69,0.2,35
5.2653444,0.630000000000001,24.69,0.2,35
5.2986666,0.630000000000001,24.869,0.2,35
5.3320333,0.630000000000001,24.89,0.2,35
5.3653222,0.630000000000001,24.869,0.2,35
5.3986333,0.630000000000001,24.869,0.2,35
5.4319666,0.630000000000001,24.869,0.2,35
5.4652888,0.630000000000001,24.869,0.2,35
5.4986,0.630000000000001,24.869,0.2,35
5.5321222,0.630000000000001,24.869,0.2,35
5.5653,0.630000000000001,24.869,0.2,35
5.5985777,0.630000000000001,24.69,0.2,35
5.6319,0.630000000000001,24.69,0.2,35
5.6652444,0.630000000000001,24.69,0.2,35
5.6985555,0.630000000000001,24.69,0.2,35
5.7318888,0.630000000000001,24.69,0.2,35
5.7652,0.630000000000001,24.69,0.2,35
5.7985333,0.630000000000001,24.69,0.2,35
5.8318555,0.630000000000001,24.69,0.2,35
5.8652222,0.630000000000001,24.69,0.2,35
5.8985111,0.6,24.69,0.2,35
5.9318333,0.609999999999999,24.69,0.2,35
5.9651555,0.609999999999999,24.69,0.2,35
5.9984888,0.609999999999999,24.69,0.2,35
6.0318,0.609999999999999,24.69,0.2,35
6.0652111,0.609999999999999,24.69,0.2,35
6.0985444,0.609999999999999,24.69,0.2,35
6.1317666,0.609999999999999,24.69,0.2,35
6.1651111,0.609999999999999,24.69,0.2,35
6.1984111,0.609999999999999,24.69,0.2,35
6.2317444,0.609999999999999,24.69,0.2,35
6.2650666,0.609999999999999,24.69,0.2,35
6.2984,0.609999999999999,24.69,0.2,35
6.3317222,0.640000000000001,24.69,0.2,35
6.3650555,0.640000000000001,24.69,0.2,35
6.3983888,0.640000000000001,24.69,0.2,33
6.4319222,0.640000000000001,24.69,0.2,33
6.4650111,0.640000000000001,24.69,0.2,33
6.4983666,0.640000000000001,24.69,0.2,33
6.5316888,0.640000000000001,24.69,0.2,33
6.5650444,0.640000000000001,24.69,0.2,33
6.5983222,0.640000000000001,24.69,0.2,33
6.6316555,0.640000000000001,24.69,0.2,33
6.6650111,0.640000000000001,24.69,0.2,33
6.6983,0.640000000000001,24.69,0.2,33
6.7316333,0.640000000000001,24.69,0.2,33
6.7649555,0.630000000000001,24.69,0.2,33
6.7982777,0.630000000000001,24.69,0.2,33
6.8316,0.630000000000001,24.69,0.2,33
6.8649222,0.630000000000001,24.69,0.2,35
6.8982555,0.630000000000001,24.69,0.2,35
6.9315777,0.630000000000001,24.69,0.2,35
6.9649,0.630000000000001,24.69,0.2,35
6.9982333,0.630000000000001,24.69,0.2,35
7.0315444,0.630000000000001,24.69,0.2,35
7.0648777,0.630000000000001,24.69,0.2,35
7.0982,0.630000000000001,24.69,0.2,35
7.1315444,0.630000000000001,24.69,0.2,35
7.1649444,0.630000000000001,24.69,0.2,35
7.1981666,0.630000000000001,24.69,0.2,35
7.2315555,0.630000000000001,24.69,0.2,35
7.2648333,0.630000000000001,24.69,0.2,35
7.2981444,0.630000000000001,24.69,0.2,35
7.3314888,0.630000000000001,24.69,0.2,35
7.3648,0.630000000000001,24.69,0.2,35
7.3981333,0.630000000000001,24.69,0.2,35
7.4314444,0.630000000000001,24.69,0.2,35
7.4647666,0.630000000000001,24.69,0.2,35
7.4980888,0.630000000000001,24.69,0.2,35
7.5314333,0.630000000000001,24.69,0.2,35
7.5647444,0.630000000000001,24.69,0.2,35
7.5980666,0.630000000000001,24.69,0.2,33
7.6314111,0.630000000000001,24.69,0.2,33
7.6647111,0.630000000000001,24.69,0.2,33
7.6980555,0.630000000000001,24.69,0.2,33
7.7313666,0.609999999999999,24.69,0.2,33
7.7647,0.609999999999999,24.69,0.2,33
7.7980222,0.609999999999999,24.69,0.2,33
7.8313555,0.609999999999999,24.69,0.2,33
7.8646777,0.609999999999999,24.69,0.2,33
7.898,0.609999999999999,24.69,0.2,33
7.9313222,0.609999999999999,24.69,0.2,33
7.9646444,0.609999999999999,24.69,0.2,33
7.9979666,0.609999999999999,24.69,0.2,33
8.0313111,0.609999999999999,24.69,0.2,33
8.0646222,0.609999999999999,24.7,0.2,33
8.0979555,0.67,24.89,0.2,33
8.1312777,0.630000000000001,24.729,0.2,33
8.1646222,0.630000000000001,24.79,0.2,33
8.1979222,0.630000000000001,24.729,0.2,33
8.2312555,0.630000000000001,24.79,0.2,33
8.2645777,0.630000000000001,24.79,0.2,33
8.2979222,0.630000000000001,24.7,0.2,33
8.3312333,0.630000000000001,24.78,0.2,33
8.3645555,0.630000000000001,24.77,0.2,33
8.3978666,0.630000000000001,24.78,0.2,33
8.4312,0.630000000000001,24.79,0.2,33
8.4645333,0.630000000000001,24.7,0.2,33
8.4978333,0.630000000000001,24.7,0.2,33
8.5311777,0.630000000000001,24.89,0.2,33
8.5645222,0.630000000000001,24.89,0.2,33
8.5978222,0.630000000000001,24.89,0.2,33
8.6311777,0.6,24.89,0.2,33
8.6644666,0.609999999999999,24.89,0.2,33
8.6978111,0.609999999999999,24.89,0.2,33
8.7311333,0.609999999999999,24.89,0.2,33
8.7644555,0.609999999999999,24.89,0.2,33
8.7977666,0.609999999999999,24.89,0.2,33
8.8311111,0.609999999999999,24.89,0.2,33
8.8644111,0.609999999999999,24.89,0.2,33
8.8977444,0.609999999999999,24.89,0.2,33
8.9310666,0.609999999999999,24.69,0.2,33
8.9644111,0.609999999999999,24.69,0.2,33
8.9977111,0.609999999999999,24.6,0.2,33
9.0310333,0.609999999999999,24.68,0.2,33
9.0643666,0.609999999999999,24.68,0.2,33
9.0976888,0.609999999999999,24.68,0.2,34
9.1310222,0.609999999999999,24.68,0.2,34
9.1643444,0.609999999999999,24.68,0.2,34
9.1976777,0.609999999999999,24.68,0.2,34
9.2309888,0.609999999999999,24.68,0.2,34
9.2643222,0.609999999999999,24.68,0.2,34
9.2976444,0.609999999999999,24.68,0.2,34
9.3309666,0.609999999999999,24.68,0.2,34
9.3644444,0.609999999999999,24.68,0.2,34
9.3977222,0.609999999999999,24.68,0.2,34
9.4309444,0.609999999999999,24.68,0.2,34
9.4642888,0.67,24.68,0.2,34
9.4975888,0.57,24.68,0.2,34
9.5309222,0.57,24.68,0.2,34
9.5643,0.57,24.68,0.2,34
9.5975666,0.57,24.68,0.2,34
9.6308888,0.57,24.68,0.2,34
9.6642333,0.57,24.68,0.2,34
9.6976222,0.57,24.68,0.2,34
9.7308666,0.57,24.68,0.2,34
9.7641888,0.619999999999999,24.68,0.2,34
9.7975111,0.619999999999999,24.68,0.2,34
9.8308444,0.619999999999999,24.68,0.2,34
9.8642444,0.619999999999999,24.68,0.2,34
9.8974888,0.67,24.68,0.2,34
9.9308222,0.619999999999999,24.69,0.2,34
9.9641333,0.619999999999999,24.69,0.2,34
9.9974555,0.619999999999999,24.69,0.2,34
10.0308,0.619999999999999,24.69,0.2,34
10.0641111,0.619999999999999,24.69,0.2,34
10.0974444,0.619999999999999,24.69,0.2,34
10.1307555,0.619999999999999,24.69,0.2,34
10.1640888,0.619999999999999,24.69,0.2,34
10.1974222,0.619999999999999,24.69,0.2,34
10.2307222,0.619999999999999,24.69,0.2,34
10.2640666,0.619999999999999,24.69,0.2,34
10.2973777,0.619999999999999,24.69,0.2,34
10.3307,0.619999999999999,24.69,0.2,34
10.3640333,0.6,24.69,0.2,34
10.3973555,0.609999999999999,24.69,0.2,34
10.4307,0.609999999999999,24.69,0.2,34
10.4640111,0.609999999999999,24.69,0.2,34
10.4973333,0.609999999999999,24.69,0.2,34
10.5306555,0.609999999999999,24.69,0.2,34
10.5639888,0.609999999999999,24.69,0.2,33
10.5973,0.609999999999999,24.69,0.2,33
10.6306555,0.609999999999999,24.69,0.2,33
10.6639555,0.609999999999999,24.69,0.2,33
10.6972777,0.609999999999999,24.69,0.2,33
10.7306222,0.609999999999999,24.69,0.2,33
10.7639333,0.609999999999999,24.69,0.2,33
10.7972555,0.609999999999999,24.69,0.2,33
10.8305888,0.619999999999999,24.69,0.2,33
10.8639,0.619999999999999,24.68,0.2,33
10.8973,0.619999999999999,24.68,0.2,33
10.9305666,0.619999999999999,24.68,0.2,33
10.9640111,0.619999999999999,24.68,0.2,33
10.9972,0.619999999999999,24.68,0.2,33
11.0305333,0.619999999999999,24.68,0.2,33
11.0638555,0.619999999999999,24.68,0.2,33
11.0971777,0.619999999999999,24.68,0.2,33
11.1305444,0.619999999999999,24.68,0.2,33
11.1638444,0.619999999999999,24.68,0.2,33
11.1972888,0.619999999999999,24.68,0.2,33
11.2304777,0.619999999999999,24.68,0.2,33
11.2638,0.6,24.69,0.2,33
11.2971666,0.68,24.69,0.2,33
11.3304555,0.68,24.69,0.2,33
11.3637777,0.68,24.69,0.2,33
11.3971111,0.68,24.69,0.2,33
11.4304333,0.68,24.69,0.2,33
11.4637555,0.68,24.69,0.2,33
11.4970777,0.68,24.69,0.2,33
11.5304666,0.68,24.69,0.2,33
11.5637222,0.68,24.69,0.2,33
11.5971,0.68,24.69,0.2,33
11.6303888,0.68,24.69,0.2,33
11.6637111,0.68,24.69,0.2,33
11.6970333,0.68,24.69,0.2,33
11.7303555,0.68,24.69,0.2,33
11.7636777,0.68,24.69,0.2,33
11.7970111,0.68,24.69,0.2,34
11.8303444,0.68,24.69,0.2,34
11.8636555,0.68,24.69,0.2,34
11.8969777,0.68,24.69,0.2,34
11.9303222,0.68,24.69,0.2,34
11.9636222,0.68,24.69,0.2,34
11.9969555,0.68,24.69,0.2,34
12.0303111,0.68,24.69,0.2,34
12.0636111,0.68,24.69,0.2,34
12.0969444,0.68,24.69,0.2,34
12.1302555,0.68,24.69,0.2,34
12.1635777,0.68,24.69,0.2,34
12.1969666,0.68,24.68,0.2,34
12.2302222,0.68,24.68,0.2,34
12.2635666,0.68,24.68,0.2,34
12.2968777,0.68,24.68,0.2,34
12.3302111,0.68,24.68,0.2,34
12.3635333,0.68,24.68,0.2,34
12.3968555,0.68,24.68,0.2,34
12.4302333,0.68,24.68,0.2,34
12.4635111,0.68,24.68,0.2,34
12.4968333,0.68,24.68,0.2,34
12.5301555,0.68,24.68,0.2,34
12.5634777,0.68,24.68,0.2,34
12.5968222,0.68,24.68,0.2,34
12.6301333,0.68,24.68,0.2,33
12.6634666,0.6,24.68,0.2,33
12.6967666,0.6,24.68,0.2,33
12.7302,0.609999999999999,24.68,0.2,33
12.7634222,0.609999999999999,24.68,0.2,33
12.7967444,0.609999999999999,24.68,0.2,33
12.8300555,0.609999999999999,24.68,0.2,33
12.8634666,0.609999999999999,24.68,0.2,33
12.8967555,0.609999999999999,24.68,0.2,33
12.9300444,0.609999999999999,24.68,0.2,33
12.9633777,0.609999999999999,24.68,0.2,33
12.9967111,0.609999999999999,24.68,0.2,33
13.0300222,0.609999999999999,24.68,0.2,33
13.0633777,0.67,24.68,0.2,33
13.0966666,0.67,24.68,0.2,33
13.1300555,0.57,24.68,0.2,33
13.1633666,0.57,24.68,0.2,33
13.1966555,0.57,24.68,0.2,33
13.2299777,0.57,24.68,0.2,33
13.2632888,0.57,24.68,0.2,33
13.2966222,0.57,24.68,0.2,33
13.3299444,0.57,24.68,0.2,33
13.3632777,0.57,24.68,0.2,33
13.3966,0.57,24.68,0.2,33
13.4299222,0.57,24.68,0.2,33
13.4632444,0.57,24.68,0.2,33
13.4965666,0.57,24.68,0.2,33
13.5299,0.67,24.68,0.2,33
13.5632222,0.67,24.69,0.2,33
13.5966,0.609999999999999,24.69,0.2,35
13.6298666,0.609999999999999,24.69,0.2,35
13.6632111,0.609999999999999,24.69,0.2,35
13.6965333,0.609999999999999,24.69,0.2,35
13.7298444,0.609999999999999,24.69,0.2,35
13.7632444,0.609999999999999,24.69,0.2,35
13.7965222,0.609999999999999,24.69,0.2,35
13.8298333,0.609999999999999,24.69,0.2,35
13.8631555,0.609999999999999,24.69,0.2,35
13.8964777,0.609999999999999,24.69,0.2,35
13.9297888,0.609999999999999,24.69,0.2,35
13.9631222,0.68,24.69,0.2,35
13.9964666,0.58,24.68,0.2,35
14.0297777,0.58,24.68,0.2,35
14.0631555,0.58,24.68,0.2,35
14.0964222,0.58,24.68,0.2,35
14.1297444,0.58,24.68,0.2,35
14.1630777,0.58,24.68,0.2,35
14.1964111,0.58,24.68,0.2,35
14.2297111,0.58,24.68,0.2,35
14.2631,0.58,24.68,0.2,35
14.2963777,0.58,24.68,0.2,35
14.3296777,0.58,24.68,0.2,35
14.3630222,0.68,24.68,0.2,35
14.3963444,0.68,24.68,0.2,35
14.4296666,0.609999999999999,24.68,0.2,35
14.4629888,0.609999999999999,24.68,0.2,35
14.4963222,0.609999999999999,24.68,0.2,35
14.5296444,0.609999999999999,24.68,0.2,35
14.5629555,0.609999999999999,24.68,0.2,35
14.5963888,0.609999999999999,24.68,0.2,35
14.6296111,0.609999999999999,24.68,0.2,35
14.6629333,0.609999999999999,24.68,0.2,35
14.6963333,0.609999999999999,24.68,0.2,35
14.7295888,0.609999999999999,24.68,0.2,33
14.7629222,0.609999999999999,24.68,0.2,33
14.7962666,0.609999999999999,24.68,0.2,33
14.8295777,0.609999999999999,24.68,0.2,33
14.8629444,0.609999999999999,24.68,0.2,33
14.8962333,0.609999999999999,24.68,0.2,33
14.9295444,0.609999999999999,24.68,0.2,33
14.9629222,0.57,24.68,0.2,33
14.9961888,0.57,24.68,0.2,33
15.0295111,0.57,24.68,0.2,33
15.0628555,0.57,24.68,0.2,33
15.0961666,0.57,24.68,0.2,33
15.1294888,0.57,24.68,0.2,33
15.1628222,0.57,24.68,0.2,33
15.1963111,0.57,24.68,0.2,33
15.2294555,0.57,24.68,0.2,33
15.2627888,0.57,24.68,0.2,33
15.2961111,0.57,24.68,0.2,33
15.3294444,0.67,24.68,0.2,33
15.3629111,0.67,24.68,0.2,33
15.3961,0.67,24.68,0.2,33
15.4294222,0.67,24.68,0.2,33
15.4627333,0.67,24.68,0.2,33
15.4960666,0.67,24.68,0.2,33
15.5293888,0.619999999999999,24.68,0.2,33
15.5627111,0.619999999999999,24.68,0.2,33
15.5960666,0.619999999999999,24.68,0.2,33
15.6293555,0.619999999999999,24.68,0.2,33
15.6626888,0.619999999999999,24.68,0.2,33
15.6960111,0.619999999999999,24.68,0.2,33
15.7294,0.619999999999999,24.68,0.2,33
15.7626555,0.619999999999999,24.68,0.2,33
15.7959777,0.609999999999999,24.68,0.2,33
15.8293111,0.609999999999999,24.68,0.2,33
15.8626666,0.609999999999999,24.68,0.2,34
15.8959555,0.609999999999999,24.68,0.2,34
15.9293,0.609999999999999,24.68,0.2,34
15.9626111,0.609999999999999,24.68,0.2,34
15.9959333,0.609999999999999,24.68,0.2,34
16.0292555,0.609999999999999,24.68,0.2,34
16.0626,0.609999999999999,24.68,0.2,34
16.0959111,0.609999999999999,24.68,0.2,34
16.1292333,0.609999999999999,24.68,0.2,34
16.1625444,0.609999999999999,24.68,0.2,34
16.1958777,0.609999999999999,24.68,0.2,34
16.2292222,0.6,24.68,0.2,34
16.2625444,0.609999999999999,24.68,0.2,34
16.2958555,0.609999999999999,24.68,0.2,34
16.3291888,0.68,24.68,0.2,34
16.3625222,0.68,24.68,0.2,34
16.3959333,0.68,24.68,0.2,34
16.4291555,0.68,24.68,0.2,34
16.4624777,0.68,24.68,0.2,34
16.4958222,0.68,24.68,0.2,34
16.5291333,0.68,24.68,0.2,34
16.5624555,0.68,24.68,0.2,34
16.5957777,0.68,24.68,0.2,34
16.6291333,0.608000000000001,24.68,0.2,34
16.6624222,0.68,24.68,0.2,34
16.6957555,0.5,24.68,0.2,34
16.7290777,0.57,24.68,0.2,34
16.7624222,0.57,24.68,0.2,34
16.7957555,0.57,24.68,0.2,34
16.8290555,0.57,24.68,0.2,34
16.8623888,0.57,24.68,0.2,34
16.8957222,0.57,24.68,0.2,34
16.9290333,0.57,24.68,0.2,34
16.9623555,0.6,24.68,0.2,34
16.9956888,0.6,24.68,0.2,34
17.0290222,0.6,24.68,0.2,34
17.0623444,0.57,24.68,0.2,34
17.0956555,0.6,24.68,0.2,34
17.1289777,0.6,24.68,0.2,34
17.1624222,0.6,24.68,0.2,34
17.1956444,0.6,24.68,0.2,34
17.2289555,0.68,24.68,0.2,34
17.2622888,0.68,24.68,0.2,34
17.2956111,0.68,24.68,0.2,34
17.3289555,0.68,24.68,0.2,34
17.3622777,0.68,24.68,0.2,34
17.3956111,0.68,24.68,0.2,34
17.4289111,0.68,24.68,0.2,34
17.4622333,0.68,24.68,0.2,34
17.4955444,0.68,24.68,0.2,34
17.5288777,0.68,24.68,0.2,34
17.5622111,0.68,24.68,0.2,34
17.5955333,0.68,24.68,0.2,34
17.6288444,0.68,24.68,0.2,34
17.6621777,0.68,24.68,0.2,33
17.6955111,0.68,24.68,0.2,33
17.7288222,0.68,24.68,0.2,33
17.7621555,0.68,24.68,0.2,33
17.7954777,0.68,24.68,0.2,33
17.8288111,0.68,24.68,0.2,33
17.8621333,0.68,24.68,0.2,33
17.8954444,0.68,24.68,0.2,33
17.9287777,0.68,24.68,0.2,33
17.9621,0.68,24.68,0.2,33
17.9954222,0.68,24.68,0.2,33
18.0287888,0.68,24.68,0.2,33
18.0620777,0.58,24.68,0.2,33
18.0954,0.58,24.68,0.2,33
18.1287222,0.58,24.68,0.2,33
18.1620555,0.58,24.68,0.2,33
18.1953777,0.58,24.68,0.2,33
18.2287,0.58,24.68,0.2,33
18.2620444,0.58,24.68,0.2,33
18.2953555,0.58,24.68,0.2,33
18.3286888,0.58,24.68,0.2,33
18.362,0.58,24.68,0.2,33
18.3953222,0.58,24.68,0.2,33
18.4286666,0.58,24.68,0.2,33
18.4619777,0.58,24.68,0.2,33
18.4953,0.58,24.68,0.2,33
18.5286333,0.57,24.68,0.2,33
18.5620222,0.57,24.68,0.2,33
18.5952777,0.57,24.68,0.2,33
18.6286222,0.57,24.68,0.2,33
18.6619111,0.57,24.68,0.2,33
18.6952444,0.57,24.68,0.2,33
18.7285777,0.57,24.68,0.2,33
18.7619333,0.57,24.68,0.2,33
18.7952333,0.57,24.68,0.2,33
18.8285555,0.57,24.68,0.2,33
18.8618777,0.57,24.68,0.2,33
18.8952111,0.5,24.68,0.2,33
18.9285222,0.6,24.68,0.2,33
18.9618777,0.6,24.68,0.2,33
18.9952333,0.6,24.68,0.2,33
19.0285,0.608000000000001,24.68,0.2,33
19.0618444,0.608000000000001,24.68,0.2,33
19.0951444,0.608000000000001,24.68,0.2,33
19.1284888,0.68,24.68,0.2,33
19.1618111,0.608000000000001,24.68,0.2,33
19.1951111,0.68,24.68,0.2,33
19.2284444,0.68,24.68,0.2,33
19.2617666,0.68,24.68,0.2,35
19.2951,0.68,24.68,0.2,35
19.3284222,0.68,24.68,0.2,35
19.3617666,0.68,24.68,0.2,35
19.3951333,0.68,24.68,0.2,35
19.4284111,0.68,24.68,0.2,35
19.4617222,0.68,24.68,0.2,35
19.4950555,0.68,24.68,0.2,35
19.5283777,0.68,24.68,0.2,35
19.5617111,0.68,24.68,0.2,35
19.5950444,0.68,24.68,0.2,35
19.6283333,0.68,24.68,0.2,35
19.6617,0.68,24.68,0.2,35
19.6950111,0.68,24.68,0.2,35
19.7284555,0.68,24.68,0.2,35
19.7616444,0.68,24.68,0.2,32
19.7950111,0.68,24.68,0.2,32
19.8284666,0.619999999999999,24.68,0.2,32
19.8616222,0.619999999999999,24.68,0.2,32
19.8949444,0.619999999999999,24.68,0.2,32
19.9282777,0.619999999999999,24.68,0.2,32
19.9616,0.619999999999999,24.68,0.2,32
19.9949333,0.619999999999999,24.68,0.2,32
20.0282555,0.619999999999999,24.68,0.2,32
20.0615666,0.619999999999999,24.68,0.2,32
20.0948888,0.619999999999999,24.68,0.2,32
20.1282444,0.619999999999999,24.68,0.2,32
20.1615777,0.619999999999999,24.68,0.2,32
20.1948777,0.619999999999999,24.68,0.2,32
20.2285,0.619999999999999,24.68,0.2,32
20.2615222,0.59,24.68,0.2,32
20.2948444,0.59,24.68,0.2,32
20.3281777,0.59,24.68,0.2,32
20.3615,0.59,24.68,0.2,32
20.3948222,0.59,24.68,0.2,32
20.4281777,0.59,24.68,0.2,32
20.4614777,0.59,24.68,0.2,32
20.4947888,0.59,24.68,0.2,32
20.5281111,0.59,24.68,0.2,32
20.5614444,0.59,24.68,0.2,32
20.5947666,0.59,24.68,0.2,32
20.6281,0.59,24.68,0.2,32
20.6614222,0.59,24.68,0.2,32
20.6947333,0.59,24.68,0.2,32
20.7280666,0.59,24.68,0.2,32
20.7614666,0.59,24.68,0.2,32
20.7947111,0.59,24.68,0.2,32
20.8280222,0.59,24.68,0.2,34
20.8613666,0.59,24.68,0.2,34
20.8946888,0.59,24.68,0.2,34
20.9280222,0.59,24.68,0.2,34
20.9613555,0.59,24.68,0.2,34
20.9946666,0.59,24.68,0.2,34
21.0279777,0.59,24.68,0.2,34
21.0614222,0.59,24.68,0.2,34
21.0946444,0.59,24.68,0.2,34
21.1279555,0.59,24.68,0.2,34
21.1612888,0.68,24.68,0.2,34
21.1946111,0.608000000000001,24.68,0.2,34
21.2279444,0.608000000000001,24.68,0.2,34
21.2612777,0.608000000000001,24.68,0.2,34
21.2946,0.608000000000001,24.68,0.2,34
21.3279111,0.608000000000001,24.68,0.2,34
21.3614111,0.608000000000001,24.68,0.2,34
21.3945777,0.608000000000001,24.68,0.2,34
21.4278888,0.608000000000001,24.68,0.2,34
21.4612111,0.608000000000001,24.68,0.2,34
21.4945444,0.608000000000001,24.68,0.2,34
21.5278666,0.608000000000001,24.68,0.2,34
21.5611888,0.608000000000001,24.68,0.2,34
21.5945333,0.608000000000001,24.68,0.2,34
21.6278333,0.608000000000001,24.69,0.2,34
21.6611555,0.609999999999999,24.69,0.2,34
21.6944888,0.609999999999999,24.69,0.2,34
21.7278111,0.609999999999999,24.69,0.2,34
21.7611444,0.609999999999999,24.69,0.2,34
21.7944666,0.609999999999999,24.69,0.2,34
21.8278111,0.609999999999999,24.69,0.2,34
21.8611111,0.609999999999999,24.69,0.2,34
21.8944333,0.609999999999999,24.68,0.2,34
21.9277555,0.609999999999999,24.68,0.2,34
21.9610888,0.609999999999999,24.68,0.2,34
21.9944111,0.670999999999999,24.68,0.2,34
22.0277333,0.67,24.68,0.2,34
22.0610777,0.57,24.68,0.2,34
22.0943888,0.57,24.68,0.2,34
22.1277111,0.57,24.68,0.2,34
22.1610444,0.57,24.68,0.2,34
22.1943555,0.57,24.68,0.2,34
22.2276888,0.57,24.68,0.2,34
22.2610111,0.57,24.68,0.2,34
22.2943333,0.57,24.68,0.2,34
22.3276555,0.57,24.68,0.2,34
22.3609888,0.595,24.68,0.2,34
22.3943111,0.595,24.68,0.2,34
22.4276222,0.57,24.68,0.2,34
22.4609555,0.619999999999999,24.68,0.2,34
22.4942888,0.619999999999999,24.68,0.2,34
22.5277,0.619999999999999,24.68,0.2,34
22.5609444,0.619999999999999,24.68,0.2,34
22.5942666,0.619999999999999,24.68,0.2,34
22.6276,0.619999999999999,24.68,0.2,34
22.6609,0.619999999999999,24.68,0.2,34
22.6942555,0.619999999999999,24.68,0.2,34
22.7275555,0.619999999999999,24.68,0.2,34
22.7608888,0.619999999999999,24.68,0.2,34
22.7942444,0.619999999999999,24.68,0.2,34
22.8275666,0.619999999999999,24.68,0.2,34
22.8608777,0.619999999999999,24.68,0.2,34
22.8941777,0.619999999999999,24.68,0.2,34
22.9275111,0.630000000000001,24.68,0.2,34
22.9608333,0.630000000000001,24.68,0.2,34
22.9941555,0.630000000000001,24.68,0.2,34
23.0275,0.630000000000001,24.68,0.2,34
23.0608111,0.630000000000001,24.68,0.2,34
23.0941222,0.630000000000001,24.68,0.2,34
23.1274555,0.630000000000001,24.68,0.2,34
23.1607888,0.630000000000001,24.68,0.2,34
23.1941111,0.630000000000001,24.68,0.2,34
23.2274444,0.630000000000001,24.68,0.2,34
23.2607555,0.630000000000001,24.68,0.2,34
23.2940777,0.630000000000001,24.68,0.2,34
23.3274,0.630000000000001,24.68,0.2,34
23.3607111,0.630000000000001,24.68,0.2,34
23.3940555,0.609999999999999,24.68,0.2,34
23.4273777,0.609999999999999,24.68,0.2,34
23.4608777,0.609999999999999,24.68,0.2,34
23.4940333,0.609999999999999,24.68,0.2,34
23.5273555,0.609999999999999,24.68,0.2,34
23.5606777,0.609999999999999,24.68,0.2,34
23.5940444,0.609999999999999,24.68,0.2,34
23.6273333,0.609999999999999,24.68,0.2,34
23.6606555,0.609999999999999,24.68,0.2,34
23.694,0.609999999999999,24.68,0.2,34
23.7273,0.609999999999999,24.68,0.2,34
23.7606444,0.609999999999999,24.68,0.2,34
23.7939555,0.609999999999999,24.68,0.2,34
23.8273,0.609999999999999,24.68,0.2,34
23.8606222,0.640000000000001,24.68,0.2,52
23.8939555,0.609999999999999,24.68,0.2,52
23.9272666,0.56,24.68,0.2,52
23.9606333,0.56,24.68,0.2,52
23.9939,0.56,24.68,0.2,52
24.0272222,0.56,24.68,0.2,52
24.0605555,0.56,24.68,0.2,52
24.0938777,0.56,24.68,0.2,52
24.1272,0.56,24.68,0.2,52
24.1605222,0.56,24.68,0.2,52
24.1938444,0.56,24.68,0.2,52
24.2271888,0.56,24.68,0.2,52
24.2605,0.56,24.68,0.2,52
24.2938333,0.68,24.68,0.2,52
24.3271666,0.619999999999999,24.68,0.2,52
24.3604888,0.619999999999999,24.68,0.2,52
24.3938111,0.619999999999999,24.68,0.2,52
24.4271222,0.619999999999999,24.68,0.2,52
24.4604555,0.619999999999999,24.68,0.2,52
24.4937777,0.619999999999999,24.68,0.2,52
24.5271,0.619999999999999,24.68,0.2,52
24.5604222,0.619999999999999,24.68,0.2,52
24.5937555,0.619999999999999,24.68,0.2,52
24.6270777,0.619999999999999,24.68,0.2,52
24.6603888,0.619999999999999,24.68,0.2,52
24.6937333,0.619999999999999,24.68,0.2,52
24.7270555,0.68,24.68,0.2,52
24.7603777,0.68,24.68,0.2,52
24.7937,0.68,24.68,0.2,52
24.8270444,0.68,24.68,0.2,52
24.8603555,0.68,24.68,0.2,52
24.8936666,0.68,24.68,0.2,52
24.9270222,0.68,24.68,0.2,52
24.9603222,0.68,24.68,0.2,52
24.9936444,0.68,24.68,0.2,52
25.0269666,0.68,24.68,0.2,52
25.0605222,0.68,24.68,0.2,52
25.0936333,0.68,24.68,0.2,52
25.1269444,0.68,24.68,0.2,52
25.1603555,0.68,24.68,0.2,52
25.1936,0.6,24.68,0.2,52
25.2269222,0.609999999999999,24.68,0.2,52
25.2602666,0.609999999999999,24.68,0.2,52
25.2935666,0.609999999999999,24.68,0.2,52
25.3269,0.609999999999999,24.68,0.2,52
25.3602444,0.609999999999999,24.68,0.2,52
25.3935444,0.609999999999999,24.68,0.2,52
25.4268777,0.609999999999999,24.68,0.2,52
25.4602,0.609999999999999,24.68,0.2,34
25.4935222,0.609999999999999,24.68,0.2,34
25.5268666,0.609999999999999,24.68,0.2,34
25.5601777,0.609999999999999,24.68,0.2,34
25.5934777,0.67,24.68,0.2,34
25.6268555,0.69,24.68,0.2,34
25.6603888,0.59,24.68,0.2,34
25.6934666,0.59,24.68,0.2,33
25.7267888,0.59,24.68,0.2,33
25.7601222,0.59,24.68,0.2,33
25.7934444,0.59,24.68,0.2,33
25.8267777,0.59,24.68,0.2,33
25.8601,0.59,24.68,0.2,33
25.8934222,0.59,24.68,0.2,33
25.9267555,0.59,24.68,0.2,33
25.9600666,0.59,24.68,0.2,33
25.9933888,0.59,24.68,0.2,33
26.0267555,0.69,24.68,0.2,33
26.0600444,0.619999999999999,24.69,0.2,33
26.0935,0.619999999999999,24.69,0.2,33
26.1267444,0.619999999999999,24.69,0.2,33
26.1600222,0.619999999999999,24.69,0.2,33
26.1933444,0.619999999999999,24.69,0.2,33
26.2267444,0.619999999999999,24.69,0.2,33
26.2599888,0.619999999999999,24.69,0.2,33
26.2933111,0.619999999999999,24.69,0.2,33
26.3267222,0.619999999999999,24.69,0.2,33
26.3599666,0.619999999999999,24.69,0.2,33
26.3932888,0.619999999999999,24.69,0.2,33
26.4267666,0.619999999999999,24.69,0.2,33
26.4599444,0.619999999999999,24.69,0.2,33
26.4932555,0.630000000000001,24.68,0.2,33
26.5266888,0.630000000000001,24.68,0.2,33
26.5599111,0.630000000000001,24.68,0.2,33
26.5932444,0.630000000000001,24.68,0.2,33
26.6265777,0.630000000000001,24.68,0.2,33
26.6599111,0.630000000000001,24.68,0.2,33
26.6932666,0.630000000000001,24.68,0.2,33
26.7265666,0.630000000000001,24.68,0.2,33
26.7598555,0.630000000000001,24.68,0.2,33
26.7934222,0.630000000000001,24.68,0.2,33
26.8265111,0.630000000000001,24.68,0.2,33
26.8598888,0.630000000000001,24.68,0.2,33
26.8931666,0.630000000000001,24.68,0.2,33
26.9264888,0.630000000000001,24.68,0.2,33
26.9598111,0.630000000000001,24.68,0.2,33
26.9931333,0.630000000000001,24.68,0.2,33
27.0264666,0.630000000000001,24.68,0.2,33
27.0597888,0.630000000000001,24.68,0.2,33
27.0931222,0.630000000000001,24.68,0.2,33
27.1264444,0.630000000000001,24.68,0.2,33
27.1598444,0.630000000000001,24.68,0.2,33
27.1930777,0.630000000000001,24.68,0.2,33
27.2264111,0.630000000000001,24.68,0.2,33
27.2597333,0.630000000000001,24.68,0.2,33
27.2930777,0.630000000000001,24.68,0.2,33
27.3263888,0.630000000000001,24.68,0.2,33
27.3597111,0.630000000000001,24.68,0.2,33
27.3930333,0.630000000000001,24.68,0.2,33
27.4263666,0.59,24.68,0.2,33
27.4596888,0.59,24.68,0.2,33
27.4930666,0.59,24.68,0.2,33
27.5263444,0.59,24.68,0.2,33
27.5596666,0.59,24.68,0.2,33
27.5929888,0.59,24.68,0.2,33
27.6263111,0.59,24.68,0.2,33
27.6596333,0.59,24.68,0.2,33
27.693,0.59,24.68,0.2,33
27.7262777,0.59,24.68,0.2,33
27.7596,0.59,24.68,0.2,33
27.7929444,0.59,24.68,0.2,33
27.8263,0.605,24.68,0.2,33
27.8595888,0.619999999999999,24.68,0.2,33
27.8929222,0.619999999999999,24.68,0.2,33
27.9262444,0.619999999999999,24.68,0.2,33
27.9595555,0.619999999999999,24.68,0.2,33
27.9929555,0.619999999999999,24.68,0.2,33
28.0262111,0.619999999999999,24.68,0.2,33
28.0595333,0.619999999999999,24.68,0.2,33
28.0928555,0.619999999999999,24.68,0.2,33
28.1263111,0.619999999999999,24.68,0.2,33
28.1595111,0.619999999999999,24.68,0.2,33
28.1929666,0.619999999999999,24.68,0.2,33
28.2262444,0.619999999999999,24.68,0.2,33
28.2594888,0.619999999999999,24.68,0.2,33
28.2928111,0.619999999999999,24.68,0.2,33
28.3261333,0.619999999999999,24.68,0.2,33
28.3594555,0.619999999999999,24.68,0.2,33
28.3927777,0.619999999999999,24.68,0.2,33
28.4261333,0.619999999999999,24.68,0.2,33
28.4594333,0.619999999999999,24.68,0.2,33
28.4927444,0.619999999999999,24.68,0.2,33
28.5260666,0.619999999999999,24.68,0.2,33
28.5594,0.619999999999999,24.68,0.2,33
28.5927333,0.619999999999999,24.68,0.2,33
28.6263111,0.619999999999999,24.68,0.2,33
28.6593777,0.619999999999999,24.68,0.2,33
28.6927111,0.619999999999999,24.68,0.2,33
28.7260333,0.619999999999999,24.68,0.2,33
28.7593555,0.619999999999999,24.68,0.2,33
28.7926777,0.619999999999999,24.68,0.2,33
28.8260111,0.619999999999999,24.68,0.2,33
28.8593444,0.619999999999999,24.68,0.2,33
28.8926555,0.619999999999999,24.68,0.2,33
28.926,0.619999999999999,24.68,0.2,33
28.9593111,0.619999999999999,24.68,0.2,33
28.9926333,0.619999999999999,24.68,0.2,33
29.0259555,0.619999999999999,24.68,0.2,33
29.0593111,0.619999999999999,24.68,0.2,33
29.0926,0.619999999999999,24.68,0.2,33
29.1259444,0.619999999999999,24.68,0.2,33
29.1592777,0.619999999999999,24.68,0.2,33
29.1925777,0.609999999999999,24.68,0.2,33
29.2259111,0.609999999999999,24.68,0.2,33
29.2592333,0.609999999999999,24.68,0.2,33
29.2925444,0.609999999999999,24.68,0.2,33
29.3258777,0.609999999999999,24.68,0.2,33
29.3592,0.609999999999999,24.68,0.2,33
29.3925333,0.609999999999999,24.68,0.2,33
29.4258444,0.609999999999999,24.68,0.2,33
29.4591888,0.609999999999999,24.68,0.2,33
29.4925,0.609999999999999,24.68,0.2,33
29.5258333,0.609999999999999,24.68,0.2,33
29.5591555,0.609999999999999,24.68,0.2,33
29.5924777,0.609999999999999,24.68,0.2,33
29.6258,0.609999999999999,24.68,0.2,33
29.6591333,0.609999999999999,24.68,0.2,33
29.6924444,0.609999999999999,24.68,0.2,33
29.7257777,0.609999999999999,24.68,0.2,33
29.7591,0.619999999999999,24.68,0.2,33
29.7924222,0.619999999999999,24.68,0.2,33
29.8257666,0.619999999999999,24.68,0.2,33
29.8590777,0.619999999999999,24.68,0.2,33
29.8924111,0.619999999999999,24.68,0.2,33
29.9257333,0.619999999999999,24.68,0.2,33
29.9590444,0.619999999999999,24.68,0.2,33
29.9923777,0.619999999999999,24.68,0.2,33
30.0256888,0.619999999999999,24.68,0.2,33
30.0590555,0.619999999999999,24.68,0.2,33
30.0924222,0.619999999999999,24.68,0.2,33
30.1256777,0.619999999999999,24.68,0.2,33
30.159,0.619999999999999,24.68,0.2,33
30.1923555,0.619999999999999,24.68,0.2,33
30.2256555,0.619999999999999,24.68,0.2,33
30.2589666,0.619999999999999,24.68,0.2,33
30.2922888,0.619999999999999,24.68,0.2,33
30.3257888,0.619999999999999,24.68,0.2,33
30.3589444,0.619999999999999,24.68,0.2,33
30.3923222,0.619999999999999,24.68,0.2,33
30.4255888,0.619999999999999,24.68,0.2,33
30.4589222,0.619999999999999,24.68,0.2,33
30.4923444,0.619999999999999,24.68,0.2,33
30.5255888,0.619999999999999,24.68,0.2,33
30.5589111,0.619999999999999,24.68,0.2,33
30.5922444,0.619999999999999,24.68,0.2,33
30.6255444,0.632,24.68,0.2,33
30.6588666,0.632,24.68,0.2,33
30.6922555,0.632,24.68,0.2,33
30.7255333,0.632,24.68,0.2,33
30.7588333,0.632,24.68,0.2,33
30.7921555,0.630000000000001,24.68,0.2,33
30.8254888,0.630000000000001,24.68,0.2,33
30.8588444,0.630000000000001,24.68,0.2,33
30.8921777,0.630000000000001,24.68,0.2,33
30.9254666,0.630000000000001,24.68,0.2,33
30.9588,0.630000000000001,24.68,0.2,33
30.9921333,0.630000000000001,24.68,0.2,33
31.0254444,0.630000000000001,24.68,0.2,33
31.0588666,0.630000000000001,24.68,0.2,33
31.0921,0.619999999999999,24.68,0.2,33
31.1254222,0.619999999999999,24.68,0.2,33
31.1587444,0.619999999999999,24.68,0.2,33
31.2254,0.619999999999999,24.68,0.2,33
31.2587222,0.619999999999999,24.68,0.2,33
31.2920444,0.619999999999999,24.68,0.2,33
31.3253777,0.619999999999999,24.68,0.2,33
31.3586888,0.619999999999999,24.68,0.2,33
31.3920444,0.619999999999999,24.68,0.2,33
31.4253444,0.619999999999999,24.68,0.2,33
31.4586777,0.619999999999999,24.68,0.2,33
31.4919888,0.619999999999999,24.68,0.2,33
31.5253222,0.619999999999999,24.68,0.2,33
31.5586444,0.619999999999999,24.68,0.2,33
31.592,0.619999999999999,24.68,0.2,33
31.6252888,0.619999999999999,24.68,0.2,33
31.6586111,0.619999999999999,24.68,0.2,33
31.6919333,0.619999999999999,24.68,0.2,33
31.7252666,0.619999999999999,24.68,0.2,33
31.7585888,0.619999999999999,24.68,0.2,33
31.7919222,0.619999999999999,24.68,0.2,33
31.8252666,0.619999999999999,24.68,0.2,33
31.8585666,0.619999999999999,24.68,0.2,33
31.8918888,0.619999999999999,24.68,0.2,33
31.9252111,0.630000000000001,24.68,0.2,33
31.9586555,0.630000000000001,24.68,0.2,33
31.9918666,0.630000000000001,24.68,0.2,33
32.0252222,0.630000000000001,24.68,0.2,33
32.0585111,0.630000000000001,24.68,0.2,33
32.0918444,0.630000000000001,24.68,0.2,33
32.1251666,0.630000000000001,24.68,0.2,33
32.1584777,0.630000000000001,24.68,0.2,33
32.1918222,0.630000000000001,24.68,0.2,33
32.2251333,0.630000000000001,24.68,0.2,33
32.2584666,0.630000000000001,24.68,0.2,33
32.2918111,0.630000000000001,24.68,0.2,33
32.3252777,0.630000000000001,24.68,0.2,33
32.3584444,0.630000000000001,24.68,0.2,33
32.3917666,0.630000000000001,24.68,0.2,33
32.4250888,0.630000000000001,24.68,0.2,33
32.4584222,0.630000000000001,24.68,0.2,33
32.4918444,0.630000000000001,24.68,0.2,33
32.5250555,0.630000000000001,24.68,0.2,33
32.5583777,0.630000000000001,24.68,0.2,33
32.5917222,0.630000000000001,24.68,0.2,33
32.6250333,0.630000000000001,24.68,0.2,33
32.6583666,0.630000000000001,24.68,0.2,33
32.6916888,0.630000000000001,24.68,0.2,33
32.7250666,0.630000000000001,24.68,0.2,33
32.7583333,0.630000000000001,24.68,0.2,33
32.7916888,0.630000000000001,24.68,0.2,33
32.8249888,0.630000000000001,24.68,0.2,33
32.8583111,0.630000000000001,24.68,0.2,33
32.8916444,0.619999999999999,24.68,0.2,32
32.9249555,0.619999999999999,24.68,0.2,32
32.9582888,0.619999999999999,24.68,0.2,32
32.9916111,0.619999999999999,24.68,0.2,32
33.0249666,0.619999999999999,24.68,0.2,32
33.0582777,0.619999999999999,24.68,0.2,32
33.0916444,0.619999999999999,24.68,0.2,32
33.1249,0.619999999999999,24.68,0.2,32
33.1582444,0.619999999999999,24.68,0.2,32
33.1915888,0.619999999999999,24.68,0.2,32
33.2248888,0.619999999999999,24.68,0.2,32
33.2582111,0.619999999999999,24.68,0.2,32
33.2915555,0.619999999999999,24.68,0.2,32
33.3249111,0.619999999999999,24.68,0.2,32
33.3581888,0.619999999999999,24.68,0.2,32
33.3915333,0.619999999999999,24.68,0.2,32
33.4248333,0.619999999999999,24.68,0.2,32
33.4581555,0.619999999999999,24.68,0.2,32
33.4914888,0.619999999999999,24.68,0.2,32
33.5248111,0.619999999999999,24.68,0.2,32
33.5581555,0.619999999999999,24.68,0.2,32
33.5914555,0.619999999999999,24.68,0.2,32
33.6247777,0.619999999999999,24.68,0.2,32
33.6581111,0.619999999999999,24.68,0.2,32
33.6914444,0.619999999999999,24.68,0.2,32
33.7247777,0.619999999999999,24.68,0.2,32
33.7580777,0.619999999999999,24.68,0.2,32
33.7914,0.619999999999999,24.68,0.2,32
33.8247333,0.619999999999999,24.68,0.2,32
33.8580444,0.619999999999999,24.68,0.2,32
33.8913777,0.619999999999999,24.68,0.2,32
33.9248111,0.619999999999999,24.68,0.2,32
33.9580222,0.619999999999999,24.68,0.2,33
33.9913666,0.619999999999999,24.68,0.2,33
34.0246777,0.619999999999999,24.68,0.2,33
34.0580333,0.619999999999999,24.68,0.2,33
34.0914333,0.619999999999999,24.68,0.2,33
34.1246888,0.619999999999999,24.68,0.2,33
34.158,0.619999999999999,24.68,0.2,33
34.1913444,0.619999999999999,24.68,0.2,33
34.2246333,0.619999999999999,24.68,0.2,33
34.2579555,0.619999999999999,24.68,0.2,33
34.2913,0.619999999999999,24.68,0.2,33
34.3246222,0.619999999999999,24.68,0.2,33
34.3579555,0.619999999999999,24.68,0.2,33
34.3912666,0.619999999999999,24.68,0.2,33
34.4246111,0.619999999999999,24.68,0.2,33
34.4579,0.619999999999999,24.68,0.2,33
34.4912333,0.619999999999999,24.68,0.2,33
34.5245555,0.619999999999999,24.68,0.2,33
34.5578888,0.619999999999999,24.68,0.2,33
34.5913777,0.619999999999999,24.68,0.2,33
34.6246666,0.619999999999999,24.68,0.2,33
34.6579444,0.619999999999999,24.68,0.2,33
34.6911888,0.609999999999999,24.68,0.2,33
34.7244888,0.609999999999999,24.68,0.2,33
34.7578333,0.609999999999999,24.68,0.2,33
34.7911444,0.609999999999999,24.68,0.2,33
34.8244888,0.609999999999999,24.68,0.2,33
34.8578111,0.609999999999999,24.68,0.2,33
34.8913,0.609999999999999,24.68,0.2,33
34.9244555,0.609999999999999,24.68,0.2,33
34.9577888,0.609999999999999,24.68,0.2,33
34.9911,0.609999999999999,24.68,0.2,33
35.0244222,0.67,24.68,0.2,33
35.0577555,0.69,24.68,0.2,33
35.0910777,0.59,24.68,0.2,33
35.1244333,0.59,24.68,0.2,33
35.1577222,0.59,24.68,0.2,33
35.1910555,0.59,24.68,0.2,33
35.2244,0.59,24.68,0.2,33
35.2577222,0.59,24.68,0.2,33
35.2910222,0.59,24.68,0.2,33
35.3244444,0.59,24.68,0.2,33
35.3577,0.59,24.68,0.2,33
35.3910222,0.59,24.68,0.2,33
35.4243222,0.59,24.68,0.2,33
35.4576333,0.59,24.68,0.2,33
35.4909666,0.67,24.68,0.2,33
35.5243333,0.67,24.68,0.2,33
35.5576222,0.609999999999999,24.68,0.2,33
35.5909333,0.609999999999999,24.68,0.2,33
35.6242777,0.609999999999999,24.68,0.2,33
35.6576111,0.609999999999999,24.68,0.2,33
35.6909666,0.609999999999999,24.68,0.2,33
35.7242777,0.609999999999999,24.68,0.2,33
35.7575666,0.609999999999999,24.68,0.2,33
35.7908888,0.609999999999999,24.68,0.2,33
35.8242666,0.609999999999999,24.68,0.2,33
35.8575777,0.609999999999999,24.68,0.2,33
35.8908777,0.609999999999999,24.68,0.2,33
35.9242,0.609999999999999,24.68,0.2,33
35.9575333,0.609999999999999,24.68,0.2,33
35.9908555,0.67,24.68,0.2,33
36.0241777,0.630000000000001,24.68,0.2,33
36.0575,0.630000000000001,24.68,0.2,33
36.0908222,0.630000000000001,24.68,0.2,33
36.1241777,0.630000000000001,24.68,0.2,33
36.1574777,0.630000000000001,24.68,0.2,33
36.1908333,0.630000000000001,24.68,0.2,33
36.2241111,0.630000000000001,24.68,0.2,33
36.2574666,0.630000000000001,24.68,0.2,33
36.2907777,0.630000000000001,24.68,0.2,33
36.3240888,0.630000000000001,24.68,0.2,33
36.3574555,0.630000000000001,24.68,0.2,33
36.3907555,0.630000000000001,24.68,0.2,33
36.4240666,0.630000000000001,24.68,0.2,33
36.4574,0.630000000000001,24.68,0.2,33
36.4907222,0.630000000000001,24.68,0.2,33
36.5240666,0.630000000000001,24.68,0.2,33
36.5573777,0.630000000000001,24.68,0.2,33
36.5907222,0.630000000000001,24.68,0.2,33
36.6240111,0.630000000000001,24.68,0.2,33
36.6573555,0.630000000000001,24.68,0.2,33
36.6906777,0.630000000000001,24.68,0.2,33
36.724,0.630000000000001,24.68,0.2,33
36.7573333,0.630000000000001,24.68,0.2,33
36.7906333,0.630000000000001,24.68,0.2,33
36.8239777,0.630000000000001,24.68,0.2,33
36.8572888,0.63,24.68,0.2,33
36.8906222,0.683,24.68,0.2,33
36.9239555,0.58,24.68,0.2,33
36.9572777,0.58,24.68,0.2,33
36.9905888,0.58,24.68,0.2,33
37.0239777,0.58,24.68,0.2,33
37.0572888,0.58,24.68,0.2,82
37.0905777,0.58,24.68,0.2,82
37.1239,0.58,24.68,0.2,82
37.1572555,0.58,24.68,0.2,82
37.1905333,0.58,24.68,0.2,82
37.2238666,0.58,24.68,0.2,82
37.2572,0.58,24.68,0.2,82
37.2905222,0.68,24.68,0.2,82
37.3238444,0.68,24.68,0.2,82
37.3571666,0.63,24.68,0.2,82
37.3904888,0.63,24.68,0.2,82
37.4238222,0.630000000000001,24.68,0.2,82
37.4571555,0.630000000000001,24.68,0.2,32
37.4904777,0.630000000000001,24.68,0.2,32
37.5237888,0.630000000000001,24.68,0.2,32
37.5571222,0.630000000000001,24.68,0.2,32
37.5904444,0.630000000000001,24.68,0.2,32
37.6237666,0.630000000000001,24.68,0.2,32
37.6571111,0.630000000000001,24.68,0.2,32
37.6904111,0.630000000000001,24.68,0.2,32
37.7237444,0.630000000000001,24.68,0.2,32
37.7570666,0.630000000000001,24.68,0.2,32
37.7903888,0.68,24.68,0.2,32
37.8237111,0.68,24.68,0.2,32
37.8570333,0.68,24.68,0.2,32
37.8904222,0.68,24.68,0.2,32
37.9237,0.68,24.68,0.2,32
37.9570222,0.68,24.68,0.2,32
37.9904222,0.68,24.68,0.2,32
38.0236555,0.68,24.68,0.2,32
38.0569777,0.68,24.68,0.2,32
38.0903111,0.68,24.68,0.2,32
38.1236444,0.68,24.68,0.2,32
38.1569666,0.68,24.68,0.2,32
38.1902888,0.68,24.68,0.2,32
38.2236444,0.68,24.68,0.2,32
38.2569333,0.68,24.68,0.2,32
38.2902666,0.68,24.68,0.2,32
38.3235888,0.68,24.68,0.2,32
38.3569222,0.68,24.68,0.2,32
38.3902444,0.68,24.68,0.2,32
38.4236111,0.68,24.68,0.2,32
38.4568888,0.608,24.68,0.2,32
38.4902222,0.608,24.68,0.2,32
38.5235333,0.608,24.68,0.2,32
38.5568666,0.68,24.68,0.2,32
38.5902,0.68,24.68,0.2,32
38.6235222,0.68,24.68,0.2,32
38.6568333,0.68,24.68,0.2,32
38.6901555,0.6,24.68,0.2,32
38.7235444,0.5,24.68,0.2,32
38.7568444,0.57,24.68,0.2,32
38.7901444,0.57,24.68,0.2,32
38.8234666,0.57,24.68,0.2,32
38.8567777,0.57,24.68,0.2,32
38.8901111,0.57,24.68,0.2,33
38.9234333,0.57,24.68,0.2,33
38.9567555,0.57,24.68,0.2,33
38.9900777,0.57,24.68,0.2,33
39.0234111,0.57,24.68,0.2,33
39.0567444,0.57,24.68,0.2,33
39.0900666,0.57,24.68,0.2,33
39.1233888,0.67,24.68,0.2,33
39.1567333,0.609999999999999,24.68,0.2,33
39.1900333,0.609999999999999,24.68,0.2,33
39.2233777,0.609999999999999,24.68,0.2,33
39.2566888,0.609999999999999,24.68,0.2,33
39.2900111,0.609999999999999,24.68,0.2,33
39.3233333,0.609999999999999,24.68,0.2,33
39.3566666,0.609999999999999,24.68,0.2,33
39.3899777,0.609999999999999,24.68,0.2,33
39.4233777,0.609999999999999,24.68,0.2,33
39.4566444,0.609999999999999,24.68,0.2,33
39.4899555,0.609999999999999,24.68,0.2,33
39.5232888,0.609999999999999,24.68,0.2,33
39.5566111,0.609999999999999,24.68,0.2,33
39.5899333,0.609999999999999,24.68,0.2,33
39.6232555,0.609999999999999,24.68,0.2,33
39.6565888,0.609999999999999,24.68,0.2,33
39.6899111,0.609999999999999,24.68,0.2,32
39.7232222,0.609999999999999,24.68,0.2,32
39.7565555,0.609999999999999,24.68,0.2,32
39.7898888,0.609999999999999,24.68,0.2,32
39.8232777,0.609999999999999,24.68,0.2,32
39.8565333,0.609999999999999,24.68,0.2,32
39.8898444,0.609999999999999,24.68,0.2,32
39.9231777,0.609999999999999,24.68,0.2,32
39.9566,0.609999999999999,24.68,0.2,32
39.9898333,0.609999999999999,24.68,0.2,32
40.0232888,0.609999999999999,24.68,0.2,32
40.0564666,0.609999999999999,24.68,0.2,32
40.0898,0.619999999999999,24.68,0.2,32
40.1231222,0.619999999999999,24.68,0.2,32
40.1564444,0.619999999999999,24.68,0.2,32
40.1897777,0.619999999999999,24.68,0.2,32
40.2231111,0.619999999999999,24.68,0.2,32
40.2564333,0.619999999999999,24.68,0.2,32
40.2897444,0.619999999999999,24.68,0.2,32
40.3230888,0.619999999999999,24.68,0.2,32
40.3564,0.619999999999999,24.68,0.2,32
40.3897333,0.619999999999999,24.68,0.2,32
40.4231111,0.619999999999999,24.68,0.2,32
40.4564111,0.619999999999999,24.68,0.2,32
40.4897111,0.619999999999999,24.68,0.2,32
40.5230333,0.619999999999999,24.68,0.2,32
40.5563555,0.619999999999999,24.68,0.2,33
40.5896777,0.619999999999999,24.68,0.2,33
40.623,0.619999999999999,24.68,0.2,33
40.6563333,0.619999999999999,24.68,0.2,33
40.6896333,0.619999999999999,24.68,0.2,33
40.7229666,0.619999999999999,24.68,0.2,33
40.7564111,0.619999999999999,24.68,0.2,33
40.7896111,0.619999999999999,24.68,0.2,33
40.8229444,0.619999999999999,24.68,0.2,33
40.8563666,0.619999999999999,24.68,0.2,33
40.8896222,0.619999999999999,24.68,0.2,33
40.9229222,0.619999999999999,24.68,0.2,33
40.9562888,0.619999999999999,24.68,0.2,33
40.9895666,0.619999999999999,24.68,0.2,33
41.0229111,0.619999999999999,24.68,0.2,33
41.0565666,0.619999999999999,24.68,0.2,33
41.0895888,0.619999999999999,24.68,0.2,33
41.1228555,0.619999999999999,24.68,0.2,33
41.1562,0.619999999999999,24.68,0.2,33
41.1895111,0.619999999999999,24.68,0.2,33
41.2228555,0.619999999999999,24.68,0.2,33
41.2561666,0.619999999999999,24.68,0.2,33
41.2895111,0.619999999999999,24.68,0.2,33
41.3228222,0.619999999999999,24.68,0.2,33
41.3561444,0.619999999999999,24.68,0.2,33
41.3894666,0.619999999999999,24.68,0.2,33
41.4228111,0.619999999999999,24.68,0.2,33
41.4561222,0.619999999999999,24.68,0.2,33
41.4894444,0.619999999999999,24.68,0.2,33
41.5228,0.619999999999999,24.68,0.2,33
41.5561333,0.619999999999999,24.68,0.2,33
41.5894222,0.619999999999999,24.68,0.2,33
41.6227333,0.619999999999999,24.68,0.2,33
41.6560777,0.619999999999999,24.68,0.2,33
41.6894,0.619999999999999,24.68,0.2,33
41.7228111,0.619999999999999,24.68,0.2,33
41.7560333,0.619999999999999,24.68,0.2,33
41.7895444,0.619999999999999,24.68,0.2,33
41.8226888,0.619999999999999,24.68,0.2,33
41.8560111,0.619999999999999,24.68,0.2,33
41.8893444,0.619999999999999,24.68,0.2,33
41.9227222,0.619999999999999,24.68,0.2,33
41.9559888,0.619999999999999,24.68,0.2,33
41.9893222,0.619999999999999,24.68,0.2,33
42.0226333,0.619999999999999,24.68,0.2,33
42.0559777,0.619999999999999,24.68,0.2,33
42.0892888,0.619999999999999,24.68,0.2,33
42.1227333,0.619999999999999,24.68,0.2,33
42.1559333,0.619999999999999,24.68,0.2,33
42.1892555,0.619999999999999,24.68,0.2,33
42.2225888,0.619999999999999,24.68,0.2,33
42.2559111,0.619999999999999,24.68,0.2,33
42.2892444,0.619999999999999,24.68,0.2,33
42.3225888,0.619999999999999,24.68,0.2,33
42.3558888,0.619999999999999,24.68,0.2,33
42.3892222,0.619999999999999,24.68,0.2,33
42.4225444,0.619999999999999,24.68,0.2,33
42.4558777,0.619999999999999,24.68,0.2,33
42.4891888,0.619999999999999,24.68,0.2,33
42.5225222,0.619999999999999,24.68,0.2,33
42.5558444,0.619999999999999,24.68,0.2,33
42.5891777,0.619999999999999,24.68,0.2,33
42.6224777,0.619999999999999,24.68,0.2,33
42.6559222,0.619999999999999,24.68,0.2,33
42.6891444,0.619999999999999,24.68,0.2,33
42.7224777,0.619999999999999,24.68,0.2,33
42.7557888,0.619999999999999,24.68,0.2,33
42.7892222,0.619999999999999,24.68,0.2,33
42.8224444,0.619999999999999,24.68,0.2,33
42.8557777,0.619999999999999,24.68,0.2,33
42.8891,0.619999999999999,24.68,0.2,32
42.9224222,0.619999999999999,24.68,0.2,32
42.9557555,0.619999999999999,24.68,0.2,32
42.9890777,0.619999999999999,24.68,0.2,32
43.0223888,0.619999999999999,24.68,0.2,32
43.0557111,0.619999999999999,24.68,0.2,32
43.0890444,0.619999999999999,24.68,0.2,32
43.1223666,0.619999999999999,24.68,0.2,32
43.1556888,0.619999999999999,24.68,0.2,32
43.1890444,0.619999999999999,24.68,0.2,32
43.2223444,0.619999999999999,24.68,0.2,32
43.2557111,0.619999999999999,24.68,0.2,32
43.2889888,0.630000000000001,24.68,0.2,32
43.3223222,0.630000000000001,24.68,0.2,32
43.3556333,0.630000000000001,24.68,0.2,32
43.3889666,0.630000000000001,24.68,0.2,32
43.4222888,0.630000000000001,24.68,0.2,32
43.4556111,0.630000000000001,24.68,0.2,32
43.4889777,0.630000000000001,24.68,0.2,32
43.5222666,0.630000000000001,24.68,0.2,32
43.5556,0.630000000000001,24.68,0.2,32
43.5889333,0.630000000000001,24.68,0.2,32
43.6222444,0.630000000000001,24.68,0.2,32
43.6556,0.630000000000001,24.68,0.2,32
43.6888888,0.630000000000001,24.68,0.2,32
43.7222111,0.630000000000001,24.68,0.2,32
43.7555444,0.630000000000001,24.68,0.2,32
43.7888666,0.630000000000001,24.68,0.2,32
43.8222111,0.630000000000001,24.68,0.2,32
43.8555111,0.630000000000001,24.68,0.2,32
43.8888666,0.630000000000001,24.68,0.2,32
43.9221555,0.630000000000001,24.68,0.2,32
43.9554888,0.630000000000001,24.68,0.2,32
43.9888111,0.630000000000001,24.68,0.2,32
44.0221444,0.630000000000001,24.68,0.2,32
44.0555222,0.630000000000001,24.68,0.2,32
44.0887888,0.630000000000001,24.68,0.2,32
44.1221222,0.619999999999999,24.68,0.2,32
44.1554333,0.619999999999999,24.68,0.2,32
44.1887666,0.619999999999999,24.68,0.2,32
44.2220888,0.619999999999999,24.68,0.2,32
44.2554111,0.619999999999999,24.68,0.2,32
44.2888444,0.619999999999999,24.68,0.2,32
44.3220666,0.619999999999999,24.68,0.2,32
44.3553888,0.619999999999999,24.68,0.2,32
44.3887111,0.619999999999999,24.68,0.2,32
44.4220444,0.619999999999999,24.68,0.2,32
44.4553777,0.619999999999999,24.68,0.2,32
44.4886888,0.619999999999999,24.68,0.2,32
44.5220222,0.619999999999999,24.68,0.2,32
44.5553444,0.619999999999999,24.68,0.2,32
44.5887222,0.619999999999999,24.68,0.2,32
44.6220111,0.619999999999999,24.68,0.2,32
44.6553111,0.619999999999999,24.68,0.2,32
44.6886333,0.619999999999999,24.68,0.2,32
44.7219555,0.619999999999999,24.68,0.2,32
44.7552777,0.619999999999999,24.68,0.2,32
44.7886111,0.619999999999999,24.68,0.2,32
44.8219444,0.619999999999999,24.68,0.2,32
44.8552666,0.619999999999999,24.68,0.2,32
44.8885777,0.619999999999999,24.68,0.2,32
44.9219111,0.619999999999999,24.68,0.2,32
44.9552333,0.619999999999999,24.68,0.2,32
44.9885666,0.619999999999999,24.68,0.2,32
45.0218888,0.62,24.68,0.2,32
45.0552,0.63,24.68,0.2,32
45.0885444,0.63,24.68,0.2,32
45.1218777,0.63,24.68,0.2,32
45.1551888,0.630000000000001,24.68,0.2,32
45.1885111,0.630000000000001,24.68,0.2,32
45.2218333,0.630000000000001,24.68,0.2,32
45.2551555,0.630000000000001,24.68,0.2,32
45.2885,0.630000000000001,24.68,0.2,32
45.3218111,0.630000000000001,24.68,0.2,32
45.3551333,0.630000000000001,24.668,0.2,32
45.3884555,0.630000000000001,24.66,0.2,32
45.4217777,0.630000000000001,24.66,0.2,32
45.4551,0.630000000000001,24.66,0.2,32
45.4884444,0.630000000000001,24.66,0.2,32
45.5217444,0.619999999999999,24.66,0.2,32
45.5550777,0.619999999999999,24.66,0.2,32
45.5884111,0.619999999999999,24.66,0.2,32
45.6217333,0.619999999999999,24.66,0.2,32
45.6550555,0.62,24.66,0.2,32
45.6883888,0.619999999999999,24.66,0.2,32
45.7217,0.619999999999999,24.66,0.2,32
45.7550333,0.619999999999999,24.66,0.2,32
45.7883555,0.62,24.66,0.2,32
45.8216777,0.619999999999999,24.66,0.2,32
45.8550222,0.619999999999999,24.66,0.2,32
45.8883111,0.619999999999999,24.66,0.2,32
45.9216555,0.619999999999999,24.66,0.2,32
45.9549777,0.619999999999999,24.66,0.2,32
45.9883888,0.619999999999999,24.66,0.2,32
46.0216444,0.619999999999999,24.66,0.2,32
46.0549555,0.619999999999999,24.68,0.2,32
46.0883111,0.619999999999999,24.66,0.2,32
46.1216222,0.619999999999999,24.66,0.2,32
46.1549333,0.619999999999999,24.66,0.2,32
46.1883,0.619999999999999,24.66,0.2,32
46.2215777,0.619999999999999,24.66,0.2,32
46.2549111,0.619999999999999,24.68,0.2,32
46.2882777,0.619999999999999,24.68,0.2,32
46.3216777,0.619999999999999,24.68,0.2,32
46.3548777,0.619999999999999,24.68,0.2,32
46.3882,0.619999999999999,24.68,0.2,32
46.4215444,0.619999999999999,24.68,0.2,32
46.4548555,0.619999999999999,24.68,0.2,32
46.4881777,0.619999999999999,24.68,0.2,32
46.5215111,0.619999999999999,24.68,0.2,32
46.5548222,0.619999999999999,24.68,0.2,32
46.5882333,0.619999999999999,24.68,0.2,32
46.6214777,0.619999999999999,24.68,0.2,32
46.6548,0.619999999999999,24.68,0.2,32
46.6881666,0.619999999999999,24.68,0.2,32
46.7214555,0.619999999999999,24.68,0.2,32
46.7547666,0.619999999999999,24.68,0.2,32
46.7881,0.619999999999999,24.68,0.2,32
46.8214333,0.619999999999999,24.68,0.2,32
46.8547444,0.619999999999999,24.68,0.2,32
46.9214666,0.619999999999999,24.68,0.2,33
46.9547222,0.619999999999999,24.68,0.2,33
46.9880444,0.619999999999999,24.68,0.2,33
47.0213777,0.619999999999999,24.68,0.2,33
47.0547,0.619999999999999,24.68,0.2,33
47.0880333,0.619999999999999,24.68,0.2,33
47.1213444,0.619999999999999,24.68,0.2,33
47.1546666,0.619999999999999,24.68,0.2,33
47.1880222,0.619999999999999,24.68,0.2,33
47.2213222,0.619999999999999,24.68,0.2,33
47.2546555,0.619999999999999,24.68,0.2,33
47.2879666,0.619999999999999,24.68,0.2,33
47.3213,0.619999999999999,24.68,0.2,33
47.3546222,0.630000000000001,24.68,0.2,33
47.3879666,0.630000000000001,24.68,0.2,33
47.4212777,0.630000000000001,24.68,0.2,33
47.4546,0.630000000000001,24.68,0.2,33
47.4879111,0.630000000000001,24.68,0.2,33
47.5214222,0.630000000000001,24.68,0.2,33
47.5545777,0.630000000000001,24.68,0.2,33
47.5879,0.630000000000001,24.68,0.2,33
47.6212333,0.630000000000001,24.68,0.2,33
47.6545444,0.630000000000001,24.68,0.2,33
47.6878666,0.630000000000001,24.68,0.2,33
47.7211888,0.630000000000001,24.68,0.2,33
47.7545333,0.630000000000001,24.68,0.2,33
47.7878555,0.630000000000001,24.68,0.2,33
47.8213666,0.630000000000001,24.68,0.2,33
47.8545,0.630000000000001,24.68,0.2,33
47.8878222,0.630000000000001,24.68,0.2,30
47.9211444,0.630000000000001,24.68,0.2,30
47.9544666,0.630000000000001,24.68,0.2,30
47.9878111,0.630000000000001,24.68,0.2,30
48.0211222,0.630000000000001,24.68,0.2,30
48.0544444,0.630000000000001,24.68,0.2,30
48.0877666,0.630000000000001,24.66,0.2,30
48.1211,0.630000000000001,24.66,0.2,30
48.1544222,0.630000000000001,24.66,0.2,30
48.1877444,0.630000000000001,24.66,0.2,30
48.2211,0.630000000000001,24.66,0.2,30
48.2544,0.630000000000001,24.66,0.2,30
48.2877222,0.68,24.66,0.2,30
48.3543777,0.68,24.66,0.2,30
48.3876888,0.68,24.66,0.2,30
48.4210333,0.68,24.66,0.2,30
48.4543444,0.68,24.66,0.2,30
48.4876777,0.68,24.66,0.2,30
48.5210111,0.68,24.66,0.2,30
48.5543222,0.68,24.68,0.2,30
48.5878,0.68,24.66,0.2,30
48.6209666,0.68,24.66,0.2,30
48.6542888,0.608000000000001,24.68,0.2,30
48.6876222,0.608000000000001,24.68,0.2,30
48.7209444,0.608000000000001,24.68,0.2,30
48.7542666,0.609999999999999,24.68,0.2,30
48.7876,0.609999999999999,24.68,0.2,30
48.8209111,0.609999999999999,24.68,0.2,30
48.8543111,0.609999999999999,24.68,0.2,30
48.8875666,0.609999999999999,24.68,0.2,30
48.9209,0.609999999999999,24.68,0.2,30
48.9542222,0.609999999999999,24.68,0.2,30
48.9875444,0.609999999999999,24.68,0.2,30
49.0208666,0.609999999999999,24.68,0.2,30
49.0542111,0.609999999999999,24.68,0.2,30
49.0875111,0.609999999999999,24.68,0.2,30
49.1208333,0.640000000000001,24.68,0.2,30
49.1541555,0.640000000000001,24.68,0.2,30
49.1875,0.64,24.68,0.2,30
49.2208222,0.64,24.68,0.2,30
49.2542,0.64,24.68,0.2,30
49.2874666,0.64,24.68,0.2,30
49.3208,0.64,24.68,0.2,30
49.3541444,0.64,24.68,0.2,30
49.3874333,0.64,24.68,0.2,30
49.4208,0.64,24.68,0.2,30
49.4540888,0.64,24.68,0.2,30
49.4874222,0.64,24.68,0.2,30
49.5207666,0.64,24.68,0.2,30
49.5540666,0.64,24.68,0.2,30
49.5873888,0.64,24.68,0.2,30
49.6207222,0.64,24.68,0.2,30
49.6540444,0.64,24.68,0.2,30
49.6873666,0.64,24.68,0.2,30
49.7207,0.64,24.68,0.2,30
49.7540111,0.64,24.68,0.2,30
49.7873444,0.64,24.68,0.2,30
49.8206777,0.64,24.68,0.2,30
49.8539888,0.64,24.68,0.2,30
49.8873222,0.64,24.68,0.2,30
49.9206444,0.64,24.68,0.2,30
49.9539555,0.64,24.68,0.2,30
49.9872888,0.64,24.68,0.2,30
50.0206333,0.648,24.68,0.2,30
50.0539333,0.6,24.68,0.2,30
50.0872666,0.68,24.68,0.2,30
50.1206,0.68,24.68,0.2,30
50.1539111,0.608,24.68,0.2,30
50.1872444,0.608,24.68,0.2,30
50.2206777,0.608,24.68,0.2,30
50.2538888,0.608,24.68,0.2,30
50.2872222,0.608,24.68,0.2,30
50.3205777,0.608,24.68,0.2,30
50.3538666,0.608,24.68,0.2,30
50.3871888,0.608,24.68,0.2,30
50.4205,0.68,24.68,0.2,30
50.4538333,0.68,24.68,0.2,30
50.4871666,0.685,24.68,0.2,30
50.5205,0.65,24.66,0.2,30
50.5539555,0.65,24.68,0.2,30
50.5871333,0.65,24.66,0.2,30
50.6204666,0.65,24.68,0.2,30
50.6537777,0.65,24.68,0.2,30
50.6871,0.65,24.68,0.2,30
50.7204333,0.65,24.68,0.2,32
50.7537555,0.65,24.68,0.2,32
50.7871333,0.65,24.68,0.2,32
50.8204222,0.65,24.68,0.2,32
50.8537222,0.65,24.68,0.2,32
50.8870666,0.65,24.68,0.2,32
50.9203888,0.65,24.68,0.2,32
50.9537111,0.65,24.68,0.2,32
50.9870222,0.685,24.68,0.2,32
51.0203555,0.685,24.68,0.2,32
51.0536777,0.640000000000001,24.68,0.2,32
51.087,0.640000000000001,24.68,0.2,32
51.1203333,0.64,24.68,0.2,32
51.1536555,0.64,24.68,0.2,32
51.1869777,0.64,24.68,0.2,32
51.2203111,0.64,24.68,0.2,32
51.2536444,0.64,24.68,0.2,32
51.2869777,0.640000000000001,24.68,0.2,32
51.3203,0.640000000000001,24.68,0.2,32
51.3536111,0.640000000000001,24.68,0.2,32
51.3869555,0.640000000000001,24.68,0.2,32
51.4203111,0.65,24.68,0.2,32
51.4536222,0.65,24.68,0.2,32
51.4869111,0.65,24.68,0.2,32
51.5202222,0.65,24.68,0.2,32
51.5535555,0.65,24.68,0.2,32
51.5868888,0.65,24.68,0.2,32
51.6202,0.65,24.68,0.2,32
51.6535444,0.65,24.68,0.2,30
51.6868555,0.65,24.68,0.2,30
51.7201777,0.65,24.68,0.2,30
51.7535,0.65,24.68,0.2,30
51.7868333,0.65,24.68,0.2,30
51.8201555,0.65,24.68,0.2,30
51.8535,0.65,24.68,0.2,30
51.8868,0.65,24.68,0.2,30
51.9201222,0.64,24.68,0.2,30
51.9534555,0.64,24.68,0.2,30
51.9867666,0.64,24.68,0.2,30
52.0201,0.64,24.68,0.2,30
52.0535444,0.64,24.68,0.2,30
52.0867444,0.64,24.68,0.2,30
52.1202555,0.64,24.68,0.2,30
52.1534,0.640000000000001,24.68,0.2,30
52.1868,0.640000000000001,24.68,0.2,30
52.2200555,0.640000000000001,24.68,0.2,30
52.2533777,0.640000000000001,24.68,0.2,30
52.2867555,0.65,24.68,0.2,30
52.3200333,0.65,24.68,0.2,30
52.3533444,0.65,24.68,0.2,30
52.3867333,0.65,24.68,0.2,30
52.4200111,0.65,24.68,0.2,30
52.4533333,0.65,24.68,0.2,30
52.4867333,0.65,24.68,0.2,30
52.5199777,0.65,24.68,0.2,30
52.5533,0.65,24.68,0.2,30
52.5867555,0.65,24.68,0.2,30
52.6199555,0.65,24.68,0.2,30
52.6533444,0.65,24.68,0.2,30
52.6867111,0.65,24.68,0.2,30
52.7199222,0.65,24.68,0.2,30
52.7532444,0.65,24.68,0.2,30
52.7865888,0.65,24.68,0.2,30
52.8199111,0.65,24.68,0.2,30
52.8532444,0.65,24.68,0.2,30
52.8865555,0.65,24.68,0.2,30
52.9198777,0.65,24.68,0.2,30
52.9532333,0.65,24.68,0.2,30
52.9865888,0.65,24.68,0.2,30
53.0199777,0.65,24.68,0.2,30
53.0531555,0.65,24.68,0.2,30
53.0865,0.65,24.68,0.2,30
53.1198222,0.65,24.68,0.2,30
53.1531444,0.65,24.68,0.2,30
53.1864777,0.65,24.68,0.2,30
53.2198111,0.65,24.68,0.2,30
53.2531222,0.65,24.68,0.2,30
53.2864444,0.65,24.68,0.2,30
53.3197666,0.65,24.68,0.2,30
53.3531111,0.65,24.68,0.2,30
53.3864222,0.65,24.68,0.2,30
53.4197444,0.65,24.68,0.2,30
53.4530777,0.65,24.68,0.2,30
53.4864111,0.65,24.68,0.2,30
53.5197444,0.65,24.68,0.2,30
53.5530444,0.65,24.68,0.2,30
53.5863777,0.65,24.68,0.2,30
53.6197,0.65,24.68,0.2,30
53.6530222,0.65,24.68,0.2,30
53.6863555,0.65,24.68,0.2,30
53.7196666,0.65,24.68,0.2,30
53.7529888,0.65,24.68,0.2,30
53.7863111,0.64,24.68,0.2,30
53.8196444,0.64,24.68,0.2,30
53.8530444,0.640000000000001,24.68,0.2,30
53.8863,0.640000000000001,24.68,0.2,30
53.9196333,0.64,24.68,0.2,30
53.9529444,0.64,24.68,0.2,30
53.9863333,0.64,24.648,0.2,30
54.0196111,0.64,24.648,0.2,30
54.0529222,0.64,24.64,0.2,30
54.0862444,0.64,24.64,0.2,30
54.1195666,0.64,24.64,0.2,30
54.1528888,0.64,24.64,0.2,30
54.1862222,0.64,24.64,0.2,30
54.2195444,0.64,24.64,0.2,30
54.2528777,0.64,24.64,0.2,30
54.2863333,0.64,24.64,0.2,30
54.3195333,0.64,24.64,0.2,30
54.3528444,0.64,24.64,0.2,30
54.3861666,0.64,24.64,0.2,30
54.4195555,0.64,24.64,0.2,30
54.4528111,0.64,24.64,0.2,30
54.4861555,0.64,24.64,0.2,30
54.5195111,0.64,24.64,0.2,30
54.5527888,0.64,24.64,0.2,30
54.5861111,0.64,24.64,0.2,30
54.6194333,0.64,24.64,0.2,30
54.6527666,0.65,24.64,0.2,30
54.6860888,0.65,24.64,0.2,30
54.7194222,0.65,24.64,0.2,30
54.7527444,0.65,24.64,0.2,30
54.7860666,0.65,24.64,0.2,30
54.8193888,0.65,24.64,0.2,30
54.8527333,0.65,24.64,0.2,30
54.8860444,0.65,24.64,0.2,30
54.9193666,0.65,24.64,0.2,30
54.9527222,0.65,24.64,0.2,30
54.9860111,0.65,24.64,0.2,30
55.0193444,0.65,24.64,0.2,30
55.0526777,0.65,24.64,0.2,30
55.0859777,0.65,24.64,0.2,30
55.1193,0.65,24.64,0.2,30
55.1526222,0.65,24.64,0.2,30
55.1859666,0.65,24.64,0.2,30
55.2192888,0.65,24.64,0.2,30
55.2526555,0.65,24.64,0.2,30
55.2859333,0.65,24.64,0.2,30
55.3192666,0.65,24.64,0.2,30
55.3526222,0.65,24.68,0.2,30
55.3859111,0.65,24.68,0.2,30
55.4192444,0.65,24.68,0.2,30
55.4525666,0.65,24.68,0.2,30
55.4858888,0.65,24.68,0.2,30
55.5192111,0.65,24.68,0.2,30
55.5525555,0.65,24.68,0.2,30
55.5858555,0.65,24.68,0.2,30
55.6191666,0.65,24.68,0.2,30
55.6525111,0.65,24.68,0.2,30
55.6858444,0.65,24.68,0.2,30
55.7192222,0.65,24.68,0.2,30
55.7525222,0.65,24.68,0.2,30
55.7858333,0.65,24.68,0.2,30
55.8191444,0.65,24.68,0.2,30
55.8525444,0.65,24.68,0.2,30
55.8857777,0.65,24.68,0.2,30
55.9191111,0.65,24.68,0.2,30
55.9524333,0.65,24.68,0.2,30
55.9857555,0.66,24.68,0.2,30
56.0191111,0.66,24.68,0.2,30
56.0524333,0.66,24.68,0.2,30
56.0857333,0.66,24.68,0.2,30
56.1190777,0.66,24.68,0.2,30
56.1523888,0.66,24.68,0.2,30
56.1857666,0.66,24.648,0.2,30
56.2190222,0.66,24.64,0.2,30
56.2523666,0.66,24.64,0.2,30
56.2856888,0.66,24.64,0.2,30
56.3190111,0.66,24.64,0.2,30
56.3523333,0.66,24.64,0.2,30
56.3856555,0.65,24.64,0.2,30
56.4189888,0.65,24.64,0.2,30
56.4525222,0.65,24.64,0.2,30
56.4856333,0.65,24.64,0.2,30
56.5189666,0.65,24.64,0.2,30
56.5523444,0.65,24.64,0.2,30
56.5856111,0.65,24.64,0.2,30
56.6189555,0.65,24.64,0.2,30
56.6523111,0.65,24.64,0.2,30
56.6855888,0.65,24.64,0.2,30
56.7189111,0.65,24.64,0.2,30
56.7522888,0.65,24.64,0.2,30
56.7855555,0.65,24.64,0.2,30
56.8188888,0.65,24.64,0.2,30
56.8522555,0.65,24.64,0.2,30
56.8855333,0.65,24.64,0.2,30
56.9189,0.65,24.64,0.2,30
56.9521777,0.65,24.64,0.2,30
56.9855111,0.65,24.64,0.2,30
57.0188333,0.65,24.64,0.2,30
57.0521666,0.65,24.64,0.2,30
57.0854777,0.65,24.64,0.2,30
57.1188,0.65,24.64,0.2,30
57.1521444,0.65,24.64,0.2,30
57.1856888,0.65,24.64,0.2,30
57.2188,0.65,24.68,0.2,30
57.2521111,0.65,24.68,0.2,30
57.2854333,0.65,24.68,0.2,30
57.3187777,0.65,24.68,0.2,30
57.3520777,0.65,24.68,0.2,30
57.3854,0.65,24.68,0.2,30
57.4187333,0.65,24.68,0.2,30
57.4521,0.65,24.68,0.2,30
57.4853777,0.65,24.68,0.2,30
57.5187333,0.65,24.68,0.2,30
57.5520333,0.65,24.68,0.2,30
57.5853555,0.65,24.68,0.2,30
57.6187222,0.65,24.68,0.2,30
57.652,0.65,24.68,0.2,30
57.6853333,0.65,24.68,0.2,29
57.7186555,0.65,24.68,0.2,29
57.7519777,0.65,24.68,0.2,29
57.7853,0.65,24.68,0.2,29
57.8186555,0.65,24.68,0.2,29
57.8519777,0.65,24.68,0.2,29
57.8852777,0.65,24.68,0.2,29
57.9186444,0.65,24.68,0.2,29
57.9519222,0.65,24.68,0.2,29
57.9852555,0.65,24.68,0.2,29
58.0185888,0.65,24.68,0.2,29
58.0519,0.65,24.68,0.2,29
58.0852666,0.65,24.648,0.2,29
58.1185555,0.65,24.648,0.2,29
58.1518666,0.65,24.64,0.2,29
58.1852,0.65,24.64,0.2,29
58.2185333,0.65,24.64,0.2,29
58.2518666,0.65,24.64,0.2,29
58.2851777,0.649,24.64,0.2,29
58.3185444,0.649,24.64,0.2,29
58.3518222,0.64,24.64,0.2,29
58.3851444,0.64,24.64,0.2,29
58.4184666,0.64,24.64,0.2,22
58.4518222,0.64,24.64,0.2,22
58.4851222,0.64,24.64,0.2,22
58.5184444,0.64,24.64,0.2,22
58.5517777,0.64,24.64,0.2,22
58.5851,0.64,24.64,0.2,22
58.6184222,0.64,24.64,0.2,22
58.6517444,0.64,24.64,0.2,22
58.6850777,0.64,24.64,0.2,22
58.7184222,0.64,24.64,0.2,22
58.7517222,0.64,24.64,0.2,22
58.7850666,0.64,24.64,0.2,22
58.8183666,0.64,24.64,0.2,22
58.8517111,0.64,24.64,0.2,22
58.8850222,0.64,24.64,0.2,22
58.9183444,0.64,24.64,0.2,22
58.9517222,0.64,24.64,0.2,22
58.9851,0.64,24.64,0.2,22
59.0183555,0.64,24.64,0.2,22
59.0516666,0.64,24.64,0.2,22
59.0851222,0.64,24.64,0.2,22
59.1183,0.64,24.64,0.2,22
59.1516111,0.64,24.64,0.2,22
59.1849555,0.64,24.64,0.2,22
59.2182888,0.630000000000001,24.64,0.2,22
59.2516,0.630000000000001,24.64,0.2,22
59.2849222,0.630000000000001,24.64,0.2,22
59.3182444,0.630000000000001,24.64,0.2,22
59.3515666,0.630000000000001,24.64,0.2,22
59.3848888,0.630000000000001,24.64,0.2,22
59.4182111,0.630000000000001,24.64,0.2,22
59.4517111,0.630000000000001,24.64,0.2,22
59.4848777,0.630000000000001,24.64,0.2,22
59.5182,0.630000000000001,24.64,0.2,30
59.5515222,0.630000000000001,24.64,0.2,30
59.5848444,0.630000000000001,24.64,0.2,30
59.6182111,0.63,24.64,0.2,30
59.6515222,0.63,24.64,0.2,30
59.6848111,0.64,24.64,0.2,30
59.7181444,0.64,24.64,0.2,30
59.7514666,0.64,24.64,0.2,30
59.7847777,0.64,24.64,0.2,30
59.8181222,0.64,24.64,0.2,30
59.8514444,0.64,24.64,0.2,30
59.8847777,0.64,24.64,0.2,30
59.9181,0.640000000000001,24.64,0.2,29
59.9514222,0.640000000000001,24.64,0.2,29
59.9847444,0.640000000000001,24.64,0.2,29
60.0181555,0.640000000000001,24.64,0.2,29
60.0514,0.640000000000001,24.64,0.2,29
60.0847444,0.630000000000001,24.64,0.2,29
60.1180444,0.630000000000001,24.64,0.2,29
60.1513666,0.630000000000001,24.64,0.2,29
60.1847222,0.630000000000001,24.64,0.2,29
60.2180111,0.630000000000001,24.64,0.2,29
60.2513555,0.630000000000001,24.64,0.2,29
60.2846666,0.630000000000001,24.64,0.2,29
60.3179888,0.630000000000001,24.64,0.2,29
60.3513333,0.630000000000001,24.64,0.2,29
60.3846444,0.630000000000001,24.64,0.2,29
60.4179666,0.630000000000001,24.64,0.2,29
60.4514111,0.630000000000001,24.64,0.2,29
60.4846222,0.630000000000001,24.64,0.2,29
60.5179444,0.630000000000001,24.64,0.2,29
60.5512555,0.65,24.64,0.2,29
60.5846222,0.65,24.64,0.2,29
60.6179111,0.65,24.64,0.2,29
60.6512333,0.65,24.64,0.2,22
60.6845666,0.65,24.64,0.2,22
60.7178888,0.65,24.64,0.2,22
60.7513111,0.65,24.64,0.2,29
60.7845444,0.65,24.64,0.2,29
60.8178666,0.65,24.64,0.2,29
60.8511777,0.65,24.64,0.2,29
60.8845222,0.65,24.64,0.2,29
60.9178333,0.65,24.64,0.2,29
60.9512111,0.65,24.64,0.2,29
60.9845,0.65,24.64,0.2,29
61.0178111,0.65,24.64,0.2,29
61.0511444,0.649,24.64,0.2,29
61.0844666,0.648999999999999,24.64,0.2,29
61.1177888,0.64,24.64,0.2,29
61.1512111,0.64,24.64,0.2,29
61.1844666,0.64,24.64,0.2,29
61.2177777,0.64,24.64,0.2,29
61.2511,0.64,24.64,0.2,29
61.2844111,0.64,24.64,0.2,29
61.3177555,0.64,24.64,0.2,29
61.3510777,0.64,24.64,0.2,29
61.3843777,0.64,24.64,0.2,29
61.4177444,0.64,24.64,0.2,29
61.4510222,0.64,24.64,0.2,29
61.4843666,0.64,24.64,0.2,29
61.5177,0.64,24.64,0.2,29
61.5510111,0.64,24.64,0.2,29
61.5843333,0.64,24.64,0.2,29
61.6176666,0.64,24.64,0.2,29
61.6509888,0.64,24.64,0.2,29
61.6843444,0.64,24.64,0.2,29
61.7176444,0.64,24.64,0.2,29
61.751,0.64,24.64,0.2,29
61.7842777,0.64,24.64,0.2,29
61.8176111,0.64,24.64,0.2,29
61.8509333,0.64,24.64,0.2,29
61.8843111,0.64,24.64,0.2,29
61.9175888,0.64,24.64,0.2,29
61.9509,0.64,24.64,0.2,29
61.9842555,0.64,24.64,0.2,29
62.0175555,0.64,24.64,0.2,29
62.0508888,0.64,24.64,0.2,28
62.0842,0.64,24.64,0.2,28
62.1175333,0.64,24.64,0.2,28
62.1508444,0.64,24.64,0.2,28
62.1841888,0.64,24.64,0.2,28
62.2175666,0.64,24.64,0.2,28
62.2508333,0.64,24.64,0.2,28
62.2841666,0.64,24.64,0.2,28
62.3174888,0.64,24.64,0.2,28
62.3508,0.64,24.64,0.2,28
62.3841444,0.64,24.64,0.2,28
62.4175111,0.64,24.64,0.2,28
62.4507888,0.64,24.64,0.2,28
62.4841,0.64,24.64,0.2,28
62.5174222,0.64,24.64,0.2,28
62.5507444,0.64,24.64,0.2,28
62.5840888,0.64,24.64,0.2,28
62.6174,0.64,24.64,0.2,28
62.6507222,0.64,24.64,0.2,28
62.6840555,0.64,24.64,0.2,28
62.7176222,0.64,24.64,0.2,28
62.7507111,0.64,24.64,0.2,28
62.7840333,0.64,24.64,0.2,28
62.8173555,0.64,24.64,0.2,28
62.8506777,0.64,24.64,0.2,28
62.884,0.64,24.64,0.2,28
62.9173333,0.64,24.64,0.2,28
62.9506555,0.64,24.64,0.2,28
62.9840111,0.64,24.64,0.2,28
63.0173444,0.64,24.64,0.2,28
63.0506222,0.64,24.64,0.2,28
63.0839777,0.64,24.64,0.2,28
63.1172888,0.64,24.64,0.2,28
63.1506,0.64,24.64,0.2,28
63.1839333,0.64,24.64,0.2,28
63.2172777,0.64,24.64,0.2,28
63.2505777,0.64,24.64,0.2,28
63.2839111,0.630000000000001,24.64,0.2,28
63.3172333,0.630000000000001,24.64,0.2,28
63.3505555,0.630000000000001,24.64,0.2,28
63.3839444,0.630000000000001,24.64,0.2,28
63.4172,0.630000000000001,24.64,0.2,28
63.4505555,0.630000000000001,24.64,0.2,28
63.4838777,0.630000000000001,24.64,0.2,28
63.5171777,0.630000000000001,24.64,0.2,28
63.5505,0.630000000000001,24.64,0.2,28
63.5838111,0.630000000000001,24.64,0.2,28
63.6171555,0.630000000000001,24.64,0.2,28
63.6504777,0.630000000000001,24.64,0.2,28
63.6837888,0.630000000000001,24.64,0.2,28
63.7171888,0.630000000000001,24.64,0.2,28
63.7504444,0.630000000000001,24.64,0.2,28
63.7837888,0.630000000000001,24.64,0.2,28
63.8170888,0.630000000000001,24.64,0.2,28
63.8506333,0.630000000000001,24.64,0.2,28
63.8837444,0.630000000000001,24.64,0.2,28
63.9171,0.630000000000001,24.64,0.2,28
63.9504,0.64,24.64,0.2,28
63.9838444,0.64,24.64,0.2,28
64.0170555,0.64,24.64,0.2,28
64.0503666,0.64,24.64,0.2,28
64.0837222,0.64,24.648,0.2,28
64.1170333,0.64,24.68,0.2,28
64.1503444,0.64,24.68,0.2,28
64.1836666,0.64,24.62,0.2,28
64.2170111,0.64,24.62,0.2,28
64.2503222,0.64,24.62,0.2,28
64.2836333,0.64,24.62,0.2,28
64.3171222,0.64,24.62,0.2,28
64.3503444,0.64,24.62,0.2,28
64.3837333,0.64,24.62,0.2,28
64.4169555,0.64,24.62,0.2,28
64.4502777,0.64,24.62,0.2,28
64.4836222,0.64,24.62,0.2,28
64.5169888,0.64,24.62,0.2,28
64.5502777,0.64,24.62,0.2,28
64.5835777,0.64,24.62,0.2,28
64.6169111,0.64,24.68,0.2,28
64.6502444,0.64,24.68,0.2,28
64.6837555,0.64,24.68,0.2,28
64.7168555,0.64,24.68,0.2,28
64.7502555,0.64,24.68,0.2,28
64.7835444,0.64,24.68,0.2,28
64.8168333,0.64,24.68,0.2,28
64.8501666,0.64,24.68,0.2,28
64.8834888,0.64,24.68,0.2,28
64.9168888,0.64,24.68,0.2,28
64.9502333,0.64,24.68,0.2,28
64.9837111,0.64,24.68,0.2,28
65.0168,0.64,24.68,0.2,28
65.0501666,0.64,24.68,0.2,28
65.0834555,0.64,24.68,0.2,28
65.1168,0.64,24.68,0.2,28
65.1500888,0.64,24.62,0.2,28
65.1834666,0.64,24.62,0.2,28
65.2169,0.64,24.62,0.2,28
65.2501333,0.64,24.62,0.2,28
65.2834,0.64,24.62,0.2,28
65.3167222,0.64,24.62,0.2,28
65.3500444,0.64,24.62,0.2,28
65.3833555,0.64,24.62,0.2,28
65.4166888,0.64,24.62,0.2,28
65.4500111,0.64,24.62,0.2,28
65.4833333,0.64,24.62,0.2,28
65.5167444,0.64,24.62,0.2,28
65.5501,0.64,24.62,0.2,28
65.5833222,0.640000000000001,24.68,0.2,28
65.6169,0.640000000000001,24.68,0.2,28
65.6501,0.68,24.68,0.2,28
65.6832888,0.66,24.68,0.2,28
65.7166111,0.66,24.68,0.2,28
65.7499333,0.66,24.68,0.2,28
65.7832555,0.66,24.68,0.2,28
65.8165777,0.66,24.68,0.2,28
65.8499111,0.66,24.68,0.2,28
65.8832666,0.66,24.68,0.2,28
65.9165888,0.66,24.648,0.2,28
65.9502222,0.66,24.648,0.2,28
65.9832666,0.66,24.648,0.2,28
66.0165555,0.66,24.64,0.2,28
66.0498555,0.66,24.64,0.2,28
66.0831888,0.64,24.64,0.2,28
66.1165111,0.64,24.64,0.2,28
66.1498333,0.64,24.64,0.2,28
66.1831555,0.64,24.64,0.2,28
66.2167333,0.64,24.64,0.2,28
66.2498111,0.64,24.64,0.2,28
66.2831555,0.64,24.64,0.2,28
66.3164555,0.64,24.64,0.2,28
66.3498222,0.64,24.64,0.2,28
66.3831111,0.64,24.64,0.2,28
66.4164333,0.64,24.64,0.2,28
66.4497555,0.64,24.68,0.2,28
66.4831,0.64,24.68,0.2,28
66.5164333,0.64,24.68,0.2,28
66.5499444,0.64,24.62,0.2,28
66.5830444,0.64,24.62,0.2,28
66.6163888,0.64,24.62,0.2,28
66.6497222,0.64,24.62,0.2,28
66.6830333,0.64,24.62,0.2,28
66.7164666,0.64,24.62,0.2,28
66.7496888,0.64,24.62,0.2,28
66.7830111,0.64,24.62,0.2,28
66.8163333,0.64,24.62,0.2,29
66.8498,0.64,24.62,0.2,29
66.8829777,0.64,24.62,0.2,29
66.9164222,0.64,24.62,0.2,29
66.9496333,0.64,24.62,0.2,29
66.9829555,0.65,24.62,0.2,29
67.0164444,0.65,24.62,0.2,29
67.0496777,0.65,24.62,0.2,29
67.0829222,0.65,24.62,0.2,29
67.1162888,0.65,24.62,0.2,29
67.1497111,0.65,24.62,0.2,29
67.1829111,0.65,24.62,0.2,29
67.2162444,0.65,24.62,0.2,29
67.2495444,0.65,24.62,0.2,29
67.2828666,0.65,24.62,0.2,29
67.3162888,0.65,24.62,0.2,29
67.3495333,0.65,24.68,0.2,29
67.3828555,0.8,24.68,0.2,29
67.4161777,0.78,24.68,0.2,29
67.4495111,0.78,24.68,0.2,29
67.4828333,0.78,24.68,0.2,29
67.5161555,0.78,24.68,0.2,29
67.5494666,0.78,24.68,0.2,29
67.5828,0.779999999999999,24.68,0.2,29
67.6161333,0.779999999999999,24.68,0.2,29
67.6494555,0.779999999999999,24.68,0.2,29
67.6827888,0.779999999999999,24.68,0.2,25
67.7161111,0.779999999999999,24.68,0.2,25
67.7497555,0.779999999999999,24.68,0.2,25
67.7827555,0.779999999999999,24.68,0.2,25
67.8160777,0.779999999999999,24.68,0.2,25
67.8494,0.779999999999999,24.68,0.2,25
67.8827333,0.779999999999999,24.62,0.2,26
67.9160555,0.779999999999999,24.62,0.2,26
67.9494333,0.779999999999999,24.62,0.2,26
67.9827111,0.779999999999999,24.62,0.2,26
68.0160333,0.779999999999999,24.62,0.2,26
68.0493666,0.779999999999999,24.62,0.2,26
68.0826777,0.779999999999999,24.62,0.2,26
68.1160333,0.779999999999999,24.62,0.2,26
68.1493222,0.779999999999999,24.62,0.2,26
68.1826444,0.779999999999999,24.62,0.2,26
68.2159666,0.779999999999999,24.62,0.2,26
68.2493,0.779999999999999,24.62,0.2,26
68.2826333,0.779999999999999,24.62,0.2,26
68.3159555,0.779999999999999,24.62,0.2,26
68.3493,0.779999999999999,24.62,0.2,26
68.3826111,0.779999999999999,24.62,0.2,26
68.4159333,0.779999999999999,24.62,0.2,26
68.4492555,0.779999999999999,24.62,0.2,26
68.4825777,0.779999999999999,24.62,0.2,26
68.5159111,0.779999999999999,24.62,0.2,26
68.5492444,0.779999999999999,24.62,0.2,26
68.5825555,0.779999999999999,24.62,0.2,26
68.6158888,0.78,24.62,0.2,26
68.6492,0.78,24.62,0.2,26
68.6825333,0.779999999999999,24.62,0.2,26
68.7158555,0.78,24.62,0.2,26
68.7491777,0.78,24.62,0.2,26
68.7825,0.8,24.62,0.2,26
68.8158222,0.66,24.62,0.2,26
68.8491444,0.66,24.62,0.2,26
68.8824888,0.66,24.62,0.2,26
68.9158111,0.66,24.62,0.2,26
68.9492111,0.66,24.62,0.2,26
68.9824555,0.66,24.62,0.2,26
69.0157777,0.66,24.62,0.2,26
69.0491111,0.66,24.62,0.2,26
69.0824222,0.66,24.62,0.2,26
69.1157444,0.66,24.62,0.2,26
69.1491111,0.66,24.62,0.2,26
69.1825444,0.66,24.62,0.2,26
69.2157222,0.66,24.62,0.2,26
69.2490555,0.686,24.62,0.2,26
69.2823888,0.68,24.62,0.2,26
69.3157111,0.68,24.62,0.2,26
69.3490222,0.68,24.62,0.2,26
69.3823555,0.68,24.62,0.2,26
69.4156888,0.68,24.62,0.2,26
69.4490111,0.68,24.62,0.2,26
69.4823222,0.68,24.62,0.2,26
69.5156555,0.68,24.62,0.2,26
69.5489888,0.68,24.62,0.2,26
69.5823333,0.68,24.62,0.2,26
69.6156555,0.68,24.62,0.2,26
69.6492333,0.68,24.62,0.2,26
69.6823444,0.68,24.62,0.2,26
69.7156111,0.68,24.62,0.2,26
69.7489777,0.68,24.62,0.2,26
69.7822444,0.68,24.62,0.2,26
69.8156111,0.68,24.62,0.2,26
69.8489222,0.68,24.62,0.2,26
69.8822111,0.68,24.62,0.2,26
69.9157,0.68,24.62,0.2,26
69.9488888,0.68,24.62,0.2,26
69.9822111,0.68,24.62,0.2,26
70.0155222,0.68,24.62,0.2,26
70.0488444,0.68,24.62,0.2,26
70.0821777,0.68,24.62,0.2,26
70.1155333,0.68,24.62,0.2,26
70.1488666,0.68,24.62,0.2,26
70.1821555,0.68,24.62,0.2,26
70.2154666,0.68,24.62,0.2,26
70.2489222,0.68,24.62,0.2,26
70.2821222,0.68,24.62,0.2,26
70.3154666,0.68,24.62,0.2,26
70.3487888,0.68,24.62,0.2,26
70.3820888,0.68,24.62,0.2,26
70.4154222,0.68,24.62,0.2,26
70.4487444,0.68,24.62,0.2,26
70.4820777,0.68,24.62,0.2,26
70.5154,0.68,24.62,0.2,26
70.5487333,0.68,24.62,0.2,26
70.5820555,0.69,24.62,0.2,26
70.6153666,0.69,24.62,0.2,26
70.6487555,0.69,24.62,0.2,26
70.6820222,0.69,24.62,0.2,26
70.7153444,0.69,24.62,0.2,26
70.7486666,0.69,24.62,0.2,26
70.7819888,0.69,24.62,0.2,26
70.8153333,0.69,24.62,0.2,26
70.8486777,0.69,24.62,0.2,26
70.8819666,0.69,24.62,0.2,26
70.9153222,0.69,24.62,0.2,26
70.9486222,0.69,24.62,0.2,26
70.9819555,0.69,24.62,0.2,26
71.0152666,0.698,24.62,0.2,26
71.0486111,0.68,24.62,0.2,26
71.0819222,0.68,24.62,0.2,26
71.1152444,0.68,24.62,0.2,26
71.1485555,0.68,24.62,0.2,26
71.1819,0.68,24.62,0.2,26
71.2152555,0.68,24.62,0.2,26
71.2485444,0.68,24.62,0.2,26
71.2818555,0.68,24.62,0.2,26
71.3153888,0.68,24.62,0.2,26
71.3485222,0.68,24.62,0.2,26
71.3818444,0.68,24.62,0.2,26
71.4151888,0.69,24.62,0.2,26
71.4485,0.69,24.62,0.2,26
71.4818111,0.69,24.62,0.2,26
71.5151222,0.69,24.62,0.2,26
71.5484666,0.69,24.62,0.2,26
71.5817888,0.69,24.62,0.2,26
71.6151333,0.69,24.62,0.2,26
71.6484555,0.69,24.62,0.2,26
71.6817777,0.69,24.62,0.2,26
71.7151,0.69,24.62,0.2,26
71.7484444,0.69,24.62,0.2,26
71.7817444,0.69,24.62,0.2,26
71.8150666,0.69,24.62,0.2,26
71.8483777,0.69,24.62,0.2,26
71.8817222,0.69,24.62,0.2,26
71.9150222,0.69,24.62,0.2,26
71.9484111,0.69,24.62,0.2,26
71.9816888,0.69,24.62,0.2,26
72.0151888,0.69,24.62,0.2,26
72.0484,0.69,24.62,0.2,26
72.0816666,0.705,24.62,0.2,26
72.1149888,0.72,24.62,0.2,26
72.1483444,0.75,24.62,0.2,26
72.1816444,0.779999999999999,24.62,0.2,26
72.2149888,0.779999999999999,24.62,0.2,26
72.2483,0.779999999999999,24.62,0.2,26
72.2816444,0.779999999999999,24.62,0.2,26
72.3149444,0.779999999999999,24.62,0.2,26
72.3483222,0.779999999999999,24.62,0.2,26
72.3815777,0.78,24.62,0.2,26
72.4149555,0.78,24.62,0.2,26
72.4482555,0.78,24.62,0.2,26
72.4815777,0.78,24.62,0.2,26
72.5148777,0.78,24.62,0.2,26
72.5482333,0.78,24.62,0.2,26
72.5815555,0.779999999999999,24.62,0.2,26
72.6148555,0.78,24.62,0.2,26
72.6481888,0.78,24.62,0.2,26
72.6815,0.78,24.62,0.2,26
72.7148111,0.78,24.62,0.2,26
72.7481555,0.78,24.62,0.2,26
72.7814777,0.78,24.62,0.2,26
72.8148,0.88,24.62,0.2,26
72.8481222,0.89,24.62,0.2,26
72.8814444,0.689,24.62,0.2,26
72.9147888,0.69,24.62,0.2,26
72.9481,0.69,24.62,0.2,26
72.9814555,0.69,24.62,0.2,26
73.0147666,0.69,24.62,0.2,26
73.0480777,0.69,24.62,0.2,26
73.0814,0.69,24.62,0.2,26
73.1147666,0.69,24.62,0.2,25
73.1480666,0.69,24.6,0.2,25
73.1813666,0.69,24.608,0.2,25
73.2148333,0.69,24.608,0.2,25
73.2480333,0.69,24.62,0.2,25
73.2813555,0.69,24.62,0.2,25
73.3146777,0.69,24.68,0.2,25
73.348,0.69,24.68,0.2,25
73.3813222,0.69,24.68,0.2,25
73.4147,0.69,24.68,0.2,25
73.4479888,0.69,24.68,0.2,25
73.4817222,0.69,24.68,0.2,25
73.5146555,0.69,24.68,0.2,25
73.5479444,0.69,24.68,0.2,25
73.5813333,0.69,24.68,0.2,25
73.6146444,0.69,24.68,0.2,25
73.6479555,0.69,24.68,0.2,25
73.6812555,0.890000000000001,24.68,0.2,25
73.7145666,0.8,24.62,0.2,25
73.7479555,0.779999999999999,24.62,0.2,25
73.7813,0.779999999999999,24.6,0.2,25
73.8145777,0.779999999999999,24.62,0.2,25
73.8479555,0.779999999999999,24.62,0.2,26
73.8812,0.779999999999999,24.62,0.2,26
73.9145333,0.779999999999999,24.62,0.2,26
73.9479333,0.779999999999999,24.62,0.2,26
73.9811666,0.779999999999999,24.62,0.2,26
74.0145111,0.779999999999999,24.62,0.2,26
74.0478111,0.779999999999999,24.62,0.2,26
74.0811666,0.779999999999999,24.62,0.2,26
74.1144777,0.779999999999999,24.62,0.2,26
74.1478,0.779999999999999,24.62,0.2,26
74.1811333,0.779999999999999,24.62,0.2,26
74.2144555,0.779999999999999,24.62,0.2,26
74.2477888,0.779999999999999,24.62,0.2,26
74.2811,0.779999999999999,24.62,0.2,26
74.3144222,0.779999999999999,24.62,0.2,26
74.3477555,0.779999999999999,24.62,0.2,26
74.3810777,0.779999999999999,24.62,0.2,26
74.4144111,0.779999999999999,24.62,0.2,26
74.4477222,0.779999999999999,24.62,0.2,26
74.4810555,0.779999999999999,24.62,0.2,26
74.5143777,0.779999999999999,24.62,0.2,26
74.5477,0.78,24.62,0.2,26
74.5810333,0.78,24.608,0.2,26
74.6143555,0.78,24.608,0.2,26
74.6476777,0.708,24.608,0.2,26
74.681,0.69,24.62,0.2,26
74.7143333,0.69,24.62,0.2,26
74.7476555,0.69,24.62,0.2,26
74.7809777,0.69,24.608,0.2,26
74.8143,0.69,24.608,0.2,26
74.8476222,0.69,24.608,0.2,26
74.8809888,0.69,24.608,0.2,24
74.9143111,0.69,24.608,0.2,24
74.9476,0.69,24.608,0.2,24
74.9809444,0.69,24.608,0.2,24
75.0142555,0.69,24.608,0.2,24
75.0475777,0.69,24.608,0.2,24
75.0809,0.69,24.608,0.2,24
75.1142333,0.69,24.608,0.2,24
75.1475555,0.69,24.608,0.2,24
75.1808888,0.69,24.608,0.2,24
75.2142111,0.69,24.608,0.2,24
75.2475444,0.69,24.608,0.2,24
75.2808444,0.69,24.608,0.2,24
75.3141666,0.69,24.608,0.2,24
75.3475,0.69,24.608,0.2,24
75.3808333,0.69,24.608,0.2,24
75.4141555,0.69,24.608,0.2,24
75.4475,0.69,24.608,0.2,24
75.4810333,0.89,24.62,0.2,24
75.5141222,0.89,24.608,0.2,24
75.5474555,0.73,24.6,0.2,24
75.5807666,0.73,24.6,0.2,24
75.6140888,0.73,24.62,0.2,24
75.6474111,0.73,24.62,0.2,24
75.6808,0.73,24.62,0.2,24
75.7140666,0.73,24.62,0.2,24
75.7474,0.73,24.62,0.2,24
75.7808222,0.73,24.62,0.2,24
75.8140444,0.73,24.62,0.2,24
75.8473666,0.73,24.62,0.2,24
75.8806888,0.73,24.62,0.2,24
75.9140222,0.73,24.62,0.2,24
75.9473444,0.78,24.62,0.2,24
75.9806777,0.78,24.62,0.2,24
76.0140111,0.78,24.62,0.2,24
76.0473222,0.78,24.62,0.2,24
76.0808444,0.78,24.62,0.2,24
76.1139777,0.78,24.62,0.2,24
76.1473444,0.78,24.62,0.2,24
76.1806444,0.78,24.62,0.2,24
76.2139666,0.78,24.62,0.2,24
76.2473111,0.78,24.62,0.2,24
76.2805888,0.78,24.62,0.2,24
76.3139111,0.78,24.62,0.2,24
76.3472444,0.710000000000001,24.62,0.2,24
76.3805777,0.7,24.62,0.2,24
76.4139111,0.710000000000001,24.62,0.2,24
76.4472222,0.710000000000001,24.62,0.2,24
76.4805555,0.710000000000001,24.62,0.2,24
76.5138888,0.710000000000001,24.62,0.2,24
76.5471888,0.710000000000001,24.62,0.2,24
76.5805222,0.710000000000001,24.62,0.2,24
76.6138555,0.710000000000001,24.62,0.2,24
76.6471777,0.710000000000001,24.62,0.2,24
76.6805,0.710000000000001,24.62,0.2,24
76.7138111,0.710000000000001,24.62,0.2,24
76.7471444,0.710000000000001,24.62,0.2,24
76.7804777,0.710000000000001,24.62,0.2,24
76.8137888,0.710000000000001,24.62,0.2,24
76.8471555,0.710000000000001,24.62,0.2,24
76.8804555,0.71,24.62,0.2,24
76.9137666,0.71,24.62,0.2,24
76.9470888,0.71,24.62,0.2,24
76.9804222,0.71,24.62,0.2,24
77.0137444,0.71,24.62,0.2,24
77.0470666,0.71,24.62,0.2,24
77.0804,0.71,24.62,0.2,24
77.1137222,0.71,24.62,0.2,24
77.1470333,0.71,24.62,0.2,24
77.1803666,0.71,24.62,0.2,24
77.2137111,0.71,24.62,0.2,24
77.2470666,0.699999999999999,24.62,0.2,24
77.2803444,0.779999999999999,24.62,0.2,24
77.3136777,0.779999999999999,24.62,0.2,24
77.3470222,0.779999999999999,24.62,0.2,24
77.3803777,0.779999999999999,24.62,0.2,24
77.4136555,0.779999999999999,24.62,0.2,24
77.4469777,0.779999999999999,24.62,0.2,24
77.4802888,0.779999999999999,24.62,0.2,24
77.5137222,0.779999999999999,24.62,0.2,24
77.5469444,0.78,24.62,0.2,24
77.5802777,0.78,24.62,0.2,24
77.6135888,0.78,24.62,0.2,24
77.6469222,0.78,24.62,0.2,24
77.6802666,0.78,24.62,0.2,24
77.7135555,0.78,24.68,0.2,24
77.7469111,0.78,24.68,0.2,24
77.7803,0.78,24.68,0.2,24
77.8135333,0.78,24.68,0.2,24
77.8468555,0.78,24.68,0.2,24
77.8801888,0.78,24.68,0.2,24
77.9135111,0.78,24.68,0.2,24
77.9468333,0.78,24.68,0.2,24
77.9803,0.78,24.68,0.2,24
78.0134888,0.78,24.68,0.2,24
78.0468111,0.78,24.68,0.2,24
78.0801333,0.78,24.68,0.2,24
78.1134666,0.78,24.68,0.2,24
78.1467888,0.78,24.608,0.2,24
78.1801222,0.78,24.608,0.2,24
78.2134444,0.708,24.608,0.2,24
78.2467555,0.69,24.608,0.2,24
78.2800888,0.69,24.608,0.2,24
78.3134222,0.69,24.608,0.2,24
78.3467222,0.69,24.608,0.2,24
78.3800666,0.69,24.608,0.2,24
78.4134888,0.69,24.608,0.2,24
78.4467222,0.69,24.608,0.2,24
78.4800444,0.69,24.608,0.2,24
78.5133666,0.69,24.608,0.2,24
78.5467333,0.69,24.608,0.2,24
78.5800333,0.69,24.608,0.2,24
78.6133444,0.69,24.608,0.2,24
78.6467222,0.8,24.62,0.2,24
78.6800111,0.78,24.608,0.2,24
78.7133111,0.78,24.6,0.2,24
78.7467333,0.78,24.6,0.2,24
78.7799555,0.78,24.62,0.2,24
78.8132888,0.78,24.62,0.2,24
78.8467111,0.78,24.62,0.2,24
78.8799333,0.78,24.62,0.2,24
78.9132777,0.78,24.62,0.2,24
78.9465888,0.78,24.62,0.2,24
78.9799,0.78,24.62,0.2,24
79.0132333,0.78,24.608,0.2,24
79.0465666,0.78,24.68,0.2,24
79.0798777,0.78,24.68,0.2,24
79.1132111,0.78,24.62,0.2,24
79.1465333,0.78,24.62,0.2,24
79.1798555,0.78,24.68,0.2,24
79.2131777,0.78,24.68,0.2,24
79.2465111,0.78,24.68,0.2,24
79.2798888,0.78,24.68,0.2,24
79.3131555,0.78,24.68,0.2,24
79.3464777,0.78,24.68,0.2,24
79.3798111,0.78,24.68,0.2,24
79.4131444,0.78,24.68,0.2,24
79.4465,0.78,24.608,0.2,24
79.4798555,0.78,24.608,0.2,24
79.5131111,0.78,24.608,0.2,24
79.5464444,0.8,24.608,0.2,24
79.5797555,0.69,24.608,0.2,24
79.6134111,0.69,24.608,0.2,24
79.6464,0.69,24.608,0.2,24
79.6797333,0.69,24.608,0.2,24
79.7130555,0.69,24.608,0.2,24
79.7463777,0.69,24.608,0.2,24
79.7797333,0.69,24.608,0.2,24
79.8130333,0.69,24.608,0.2,24
79.8463666,0.69,24.608,0.2,24
79.8797,0.69,24.608,0.2,24
79.9130111,0.69,24.608,0.2,24
79.9463333,0.89,24.608,0.2,24
79.9796555,0.8,24.608,0.2,24
80.0129777,0.78,24.608,0.2,24
80.0463,0.78,24.608,0.2,24
80.0796555,0.78,24.608,0.2,24
80.1129555,0.78,24.608,0.2,24
80.1463,0.78,24.608,0.2,24
80.1796111,0.78,24.608,0.2,24
80.2129333,0.78,24.608,0.2,24
80.2462444,0.78,24.608,0.2,24
80.2795888,0.78,24.608,0.2,24
80.3129444,0.78,24.608,0.2,24
80.3462444,0.78,24.608,0.2,24
80.3795888,0.8,24.608,0.2,24
80.4128777,0.808,24.608,0.2,24
80.4462555,0.69,24.608,0.2,24
80.4795222,0.69,24.608,0.2,24
80.5128444,0.69,24.608,0.2,24
80.5462222,0.69,24.608,0.2,24
80.5795777,0.69,24.608,0.2,24
80.6128333,0.69,24.608,0.2,24
80.6461555,0.69,24.608,0.2,24
80.6794666,0.69,24.608,0.2,24
80.7128333,0.69,24.608,0.2,24
80.7461888,0.69,24.608,0.2,24
80.7794555,0.69,24.608,0.2,24
80.8127666,0.69,24.608,0.2,24
80.8460888,0.69,24.608,0.2,24
80.8794222,0.69,24.608,0.2,24
80.9127555,0.679,24.608,0.2,24
80.9460777,0.67,24.608,0.2,24
80.9793888,0.67,24.608,0.2,24
81.0127444,0.67,24.608,0.2,24
81.0460444,0.67,24.608,0.2,24
81.0794,0.67,24.608,0.2,24
81.1127,0.67,24.608,0.2,24
81.1460333,0.67,24.608,0.2,24
81.1793333,0.67,24.608,0.2,24
81.2126777,0.67,24.608,0.2,24
81.246,0.67,24.608,0.2,24
81.2793222,0.67,24.608,0.2,24
81.3126666,0.67,24.608,0.2,24
81.3459666,0.67,24.608,0.2,24
81.3793333,0.67,24.608,0.2,24
81.4126444,0.67,24.608,0.2,24
81.4459555,0.67,24.608,0.2,24
81.4792777,0.67,24.608,0.2,24
81.5126222,0.67,24.608,0.2,24
81.5459222,0.67,24.608,0.2,24
81.5792555,0.67,24.608,0.2,24
81.6125777,0.67,24.608,0.2,24
81.6459111,0.67,24.608,0.2,24
81.6792222,0.67,24.608,0.2,24
81.7125555,0.67,24.608,0.2,24
81.7458777,NaN,24.608,0.2,24
81.7791888,NaN,24.608,0.2,24
81.8126111,NaN,24.608,0.2,24
81.8458666,NaN,24.608,0.2,24
81.8791666,NaN,24.608,0.2,24
81.9125888,0.76,24.608,0.2,24
81.9458222,0.77,24.608,0.2,24
81.9791444,0.779999999999999,24.608,0.2,24
82.0124666,0.779999999999999,24.608,0.2,24
82.0458,0.779999999999999,24.608,0.2,24
82.0791111,0.779999999999999,24.608,0.2,23
82.1124555,0.779999999999999,24.6,0.2,23
82.1457777,0.779999999999999,24.58,0.2,23
82.1791,0.779999999999999,24.6,0.2,23
82.2124222,0.779999999999999,24.59,0.2,23
82.2457444,0.779999999999999,24.58,0.2,23
82.2790666,0.779999999999999,24.59,0.2,23
82.3123888,0.779999999999999,24.59,0.2,23
82.3457444,0.779999999999999,24.59,0.2,23
82.3790444,0.779999999999999,24.59,0.2,23
82.4123888,0.779999999999999,24.59,0.2,23
82.4456888,0.779999999999999,24.59,0.2,23
82.4790222,0.779999999999999,24.59,0.2,23
82.5123444,0.779999999999999,24.59,0.2,23
82.5456666,0.779999999999999,24.59,0.2,23
82.5789888,0.779999999999999,24.589,0.2,23
82.6125888,0.779999999999999,24.68,0.2,23
82.6456444,0.779999999999999,24.68,0.2,23
82.6789666,0.779999999999999,24.68,0.2,23
82.7122888,0.779999999999999,24.68,0.2,23
82.7456222,0.73,24.68,0.2,23
82.7789555,0.73,24.68,0.2,23
82.8122777,0.73,24.68,0.2,23
82.8456111,0.73,24.68,0.2,23
82.8789222,0.73,24.68,0.2,23
82.9122666,0.73,24.68,0.2,23
82.9455888,0.73,24.68,0.2,23
82.9789,0.73,24.68,0.2,23
83.0122444,0.73,24.68,0.2,23
83.0455444,0.73,24.68,0.2,23
83.0788777,0.73,24.68,0.2,23
83.1121888,0.699999999999999,24.59,0.2,23
83.1455111,0.710000000000001,24.59,0.2,23
83.1788333,0.710000000000001,24.59,0.2,23
83.2121666,0.710000000000001,24.59,0.2,23
83.2455,0.710000000000001,24.59,0.2,23
83.2788111,0.710000000000001,24.59,0.2,23
83.3121444,0.710000000000001,24.59,0.2,23
83.3454777,0.710000000000001,24.59,0.2,23
83.3787888,0.710000000000001,24.59,0.2,23
83.4121,0.710000000000001,24.59,0.2,23
83.4454666,0.710000000000001,24.59,0.2,23
83.4787666,0.710000000000001,24.59,0.2,23
83.5120888,0.710000000000001,24.59,0.2,23
83.5454111,0.710000000000001,24.59,0.2,23
83.5787333,0.710000000000001,24.59,0.2,23
83.6120666,0.699999999999999,24.59,0.2,23
83.6453777,0.779999999999999,24.59,0.2,23
83.6787333,0.779999999999999,24.59,0.2,23
83.7120555,0.779999999999999,24.59,0.2,23
83.7453666,0.779999999999999,24.59,0.2,23
83.7786888,0.779999999999999,24.59,0.2,23
83.8120111,0.779999999999999,24.59,0.2,23
83.8453888,0.779999999999999,24.59,0.2,23
83.8786555,0.779999999999999,24.59,0.2,23
83.912,0.779999999999999,24.59,0.2,23
83.9453333,0.779999999999999,24.59,0.2,23
83.9786444,0.779999999999999,24.59,0.2,23
84.0119888,0.779999999999999,24.59,0.2,23
84.0453111,0.779999999999999,24.59,0.2,23
84.0786,0.779999999999999,24.59,0.2,23
84.1119444,0.779999999999999,24.59,0.2,23
84.1452666,0.81,24.59,0.2,23
84.1785777,0.81,24.59,0.2,23
84.2119333,0.81,24.59,0.2,23
84.2452444,0.81,24.59,0.2,23
84.2786777,0.81,24.59,0.2,23
84.3118888,0.81,24.59,0.2,23
84.3452,0.81,24.59,0.2,23
84.3785333,0.81,24.59,0.2,23
84.4118666,0.210000000000001,24.59,0.2,23
84.4452,0.81,24.59,0.2,23
84.4785,0.970000000000001,24.59,0.2,23
84.5118333,0.970000000000001,24.59,0.2,23
84.5452777,0.970000000000001,24.59,0.2,23
84.5784888,0.970000000000001,24.59,0.2,23
84.6118111,0.970000000000001,24.59,0.2,23
84.6451444,0.970000000000001,24.59,0.2,23
84.6784555,0.970000000000001,24.59,0.2,23
84.7117888,0.970000000000001,24.59,0.2,23
84.7451111,0.970000000000001,24.59,0.2,23
84.7784333,0.970000000000001,24.59,0.2,23
84.8117666,0.970000000000001,24.59,0.2,23
84.8451333,0.970000000000001,24.59,0.2,23
84.8784111,0.97,24.59,0.2,23
84.9117444,0.97,24.59,0.2,23
84.9450555,0.97,24.59,0.2,23
84.9783777,0.97,24.559,0.2,23
85.0117111,0.97,24.559,0.2,23
85.0450333,0.97,24.559,0.2,23
85.0783555,0.97,24.559,0.2,23
85.1116888,0.97,24.559,0.2,23
85.1450333,0.97,24.59,0.2,23
85.1783555,0.97,24.59,0.2,23
85.2116555,0.97,24.59,0.2,23
85.2450111,0.97,24.59,0.2,23
85.2783111,0.97,24.59,0.2,23
85.3116333,0.97,24.59,0.2,23
85.3450333,0.97,24.59,0.2,23
85.3782777,0.97,24.59,0.2,23
85.4116666,0.97,24.59,0.2,23
85.4449222,0.97,24.59,0.2,23
85.4782444,0.97,24.539,0.2,23
85.5115777,0.97,24.53,0.2,23
85.5449111,0.97,24.53,0.2,23
85.5782333,0.97,24.53,0.2,23
85.6115555,0.97,24.53,0.2,23
85.6448777,0.97,24.53,0.2,23
85.6782111,0.97,24.53,0.2,23
85.7115444,0.97,24.53,0.2,23
85.7449,0.97,24.53,0.2,23
85.7782,0.97,24.53,0.2,23
85.8115111,0.97,24.53,0.2,23
85.8448333,0.97,24.53,0.2,23
85.8781777,0.97,24.53,0.2,23
85.9114888,0.97,24.52,0.2,23
85.9448111,0.97,24.52,0.2,23
85.9781333,0.97,24.52,0.2,23
86.0114777,0.97,24.52,0.2,23
86.0447777,0.97,24.52,0.2,23
86.0781111,0.97,24.52,0.2,23
86.1114333,0.97,24.52,0.2,23
86.1447555,0.97,24.508,0.2,23
86.1781,0.97,24.58,0.2,23
86.2114111,0.97,24.58,0.2,23
86.2447333,0.97,24.58,0.2,23
86.2780444,0.97,24.58,0.2,23
86.3113666,0.97,24.58,0.2,23
86.3447111,0.97,24.58,0.2,23
86.3780444,0.97,24.58,0.2,23
86.4113555,0.97,24.58,0.2,23
86.4446777,0.97,24.58,0.2,23
86.4779888,0.97,24.5,0.2,23
86.5113444,0.97,24.5,0,23
86.5446555,0.97,24.5,0,23
86.5779777,0.97,24.5,0,23
86.6113,0.97,24.5,0,23
86.6446222,0.97,24.5,0,23
86.6779444,0.97,24.5,0,19
86.7112777,0.38,24.5,0,19
86.7446222,0.36,24.58,0,19
86.7779555,0.36,24.39,0,19
86.8112555,0.36,24.39,0,19
86.8445666,0.31,24.39,0,19
86.8779222,0.31,24.39,0,19
86.9112333,0.31,24.39,0,19
86.9445777,0.31,24.39,0,19
86.9779,0.31,24.39,0,19
87.0112,0.31,24.39,0,19
87.0445333,0.31,24.39,0,19
87.0778444,0.31,24.89,0,19
87.1111666,0.31,24.88,0,19
87.1444888,0.369999999999999,24.88,0,19
87.1778222,0.29,24.868,0,19
87.2111555,0.289999999999999,24.868,0,19
87.2444666,0.289999999999999,24.668,0,19
87.2778,0.289999999999999,24.668,0,19
87.3111111,0.289999999999999,24.668,0,19
87.3444666,0.289999999999999,24.66,0,19
87.3777666,0.289999999999999,24.68,0,19
87.4110888,0.289999999999999,24.68,0,19
87.4444222,0.289999999999999,24.68,0,19
87.4777777,0.289999999999999,24.68,0,19
87.5110777,0.289999999999999,24.68,0,19
87.5444,0.289999999999999,24.68,0,19
87.5777222,0.289999999999999,24.68,0,19
87.6110444,0.289999999999999,24.68,0,19
87.6443666,0.289999999999999,24.68,0,19
87.6777,0.289999999999999,24.68,0,19
87.7110111,0.289999999999999,24.68,0,19
87.7443555,0.289999999999999,24.68,0,19
87.7776666,0.289999999999999,24.68,0,19
87.811,0.289999999999999,24.68,0,19
87.8443444,0.289999999999999,24.68,0,19
87.8776444,0.289999999999999,24.68,0,19
87.9109666,0.289999999999999,24.68,0,19
87.9443555,0.289999999999999,24.68,0,19
87.9779555,0.289999999999999,24.68,0,19
88.0109444,0.289999999999999,24.68,0,19
88.0444,0.289999999999999,24.68,0,19
88.0776,0.289999999999999,24.68,0,19
88.1109888,0.289999999999999,24.68,0,19
88.1442444,0.289999999999999,24.68,0,19
88.1775666,0.289999999999999,24.68,0,19
88.2108888,0.289999999999999,24.68,0,19
88.2442444,0.289999999999999,24.68,0,19
88.2775666,0.289999999999999,24.68,0,19
88.3108666,0.289999999999999,24.68,0,19
88.3442,0.289999999999999,24.68,0,19
88.3775111,0.289999999999999,24.68,0,19
88.4110888,0.289999999999999,24.68,0,19
88.4441666,0.289999999999999,24.68,0,19
88.4774888,0.289999999999999,24.69,0,19
88.5108333,0.289999999999999,24.69,0,19
88.5441555,0.289999999999999,24.69,0,19
88.5774666,0.289999999999999,24.69,0,19
88.6108222,0.289999999999999,24.69,0,19
88.6441444,0.289999999999999,24.69,0,19
88.6774444,0.289999999999999,24.69,0,19
88.7107666,0.289999999999999,24.69,0,19
88.7440888,0.289999999999999,24.69,0,19
88.7774111,0.289999999999999,24.69,0,19
88.8107444,0.289999999999999,24.69,0,19
88.8440666,0.289999999999999,24.69,0,19
88.8774111,0.289999999999999,24.69,0,19
88.9107111,0.289999999999999,24.69,0,19
88.9440444,0.289999999999999,24.69,0,19
88.9773666,0.289999999999999,24.69,0,19
89.0107,0.289999999999999,24.69,0,19
89.044,0.289999999999999,24.69,0,19
89.0773555,0.289999999999999,24.69,0,19
89.1106666,0.289999999999999,24.69,0,19
89.1439888,0.289999999999999,24.69,0,19
89.1773111,0.289999999999999,24.69,0,19
89.2106444,0.289999999999999,24.69,0,19
89.2439777,0.289999999999999,24.69,0,19
89.2772888,0.289999999999999,24.69,0,19
89.3106333,0.289999999999999,24.69,0,19
89.3439444,0.289999999999999,24.69,0,19
89.3772777,0.289999999999999,24.69,0,19
89.4105888,0.289999999999999,24.69,0,19
89.4439111,0.29,24.69,0,19
89.4772666,0.29,24.69,0,19
89.5105666,0.29,24.69,0,19
89.5439,0.29,24.69,0,19
89.5772555,0.29,24.69,0,19
89.6105333,0.29,24.69,0,19
89.6439777,0.29,24.69,0,19
89.6772222,0.29,24.69,0,19
89.7105222,0.29,24.69,0,19
89.7438333,0.29,24.69,0,19
89.7771666,0.29,24.69,0,19
89.8104888,0.29,24.69,0,19
89.8438111,0.29,24.69,0,19
89.8771444,0.28,24.69,0,19
89.9104555,0.28,24.69,0,19
89.9437888,0.38,24.69,0,19
89.9771333,0.38,24.69,0,19
90.0104333,0.38,24.69,0,19
90.0437888,0.38,24.69,0,19
90.0771111,0.38,24.69,0,19
90.1104111,0.38,24.69,0,19
90.1437444,0.38,24.69,0,19
90.1770555,0.38,24.69,0,19
90.2103777,0.38,24.69,0,19
90.2437666,0.38,24.69,0,19
90.2770555,0.38,24.69,0,19
90.3103666,0.38,24.69,0,19
90.3437555,0.38,24.69,0,19
90.3770222,0.38,24.69,0,19
90.4103333,0.38,24.69,0,19
90.4436666,0.38,24.69,0,19
90.4769888,0.38,24.69,0,19
90.5103111,0.38,24.69,0,19
90.5436333,0.38,24.69,0,19
90.5769555,0.38,24.69,0,19
90.6102777,0.38,24.69,0,19
90.6436,0.38,24.69,0,19
90.6769444,0.38,24.69,0,19
90.7103,0.38,24.69,0,19
90.7436111,0.38,24.69,0,19
90.7769444,0.38,24.69,0,19
90.8102333,0.38,24.69,0,19
90.8435666,0.38,24.69,0,19
90.8768888,0.38,24.69,0,19
90.9102111,0.38,24.69,0,19
90.9435333,0.38,24.69,0,19
90.9768666,0.38,24.69,0,19
91.0101777,0.38,24.69,0,19
91.0435111,0.38,24.69,0,19
91.0768555,0.38,24.69,0,19
91.1101555,0.38,24.7,0,19
91.1434777,0.38,24.89,0,19
91.1768,0.38,24.89,0,19
91.2101666,0.38,24.78,0,19
91.2434666,0.38,24.79,0,19
91.2768,0.38,24.79,0,19
91.3101,0.38,24.79,0,19
91.3434333,0.38,24.79,0,19
91.3767555,0.38,24.79,0,19
91.4100777,0.38,24.89,0,19
91.4434111,0.38,24.89,0,19
91.4767222,0.38,24.89,0,19
91.5100555,0.38,24.89,0,19
91.5433888,0.38,24.89,0,19
91.5767333,0.38,24.89,0,19
91.6100333,0.38,24.89,0,19
91.6433555,0.38,24.89,0,19
91.6766777,0.38,24.89,0,19
91.7100444,0.38,24.89,0,19
91.7433333,0.38,24.89,0,19
91.7766555,0.38,24.89,0,19
91.8099777,0.38,24.89,0,19
91.8433,0.38,24.89,0,19
91.8766333,0.38,24.89,0,19
91.9099666,0.38,24.69,0,19
91.9432777,0.38,24.69,0,19
91.9766222,0.38,24.69,0,19
92.0099222,0.36,24.69,0,19
92.0433222,0.36,24.69,0,19
92.0765777,0.36,24.69,0,19
92.1099111,0.300000000000001,24.69,0,19
92.1432333,0.31,24.69,0,19
92.1765555,0.31,24.69,0,19
92.2099111,0.31,24.69,0,19
92.2432666,0.31,24.69,0,19
92.2765333,0.31,24.69,0,19
92.3098444,0.31,24.69,0,19
92.3431777,0.31,24.69,0,19
92.3765,0.31,24.69,0,19
92.4099444,0.31,24.69,0,19
92.4431555,0.31,24.69,0,19
92.4764777,0.31,24.69,0,19
92.5098222,0.31,24.69,0,19
92.5431444,0.31,24.69,0,19
92.5764555,0.31,24.69,0,19
92.6097777,0.31,24.69,0,19
92.6431222,0.31,24.69,0,19
92.6764333,0.31,24.69,0,19
92.7097555,0.31,24.69,0,19
92.7430777,0.31,24.69,0,19
92.7764,0.31,24.69,0,19
92.8097222,0.31,24.69,0,19
92.8430777,0.31,24.69,0,19
92.8763666,0.31,24.69,0,19
92.9097444,0.31,24.69,0,19
92.9430222,0.31,24.69,0,19
92.9763444,0.31,24.69,0,19
93.0096666,0.31,24.69,0,19
93.043,0.31,24.69,0,19
93.0764777,0.31,24.69,0,19
93.1096555,0.31,24.69,0,19
93.1429666,0.31,24.69,0,19
93.1763111,0.31,24.69,0,19
93.2096333,0.31,24.69,0,19
93.2429444,0.32,24.69,0,19
93.2763,0.32,24.69,0,19
93.3095777,0.32,24.69,0,19
93.3429222,0.32,24.69,0,19
93.3762888,0.32,24.69,0,19
93.4096666,0.32,24.7,0,19
93.4429222,0.33,24.7,0,19
93.4762888,0.33,24.7,0,19
93.5097222,0.33,24.7,0,19
93.5428666,0.33,24.7,0,19
93.5761888,0.33,24.7,0,19
93.6095222,0.33,24.7,0,19
93.6428555,0.33,24.7,0,19
93.6762,0.33,24.7,0,19
93.7095111,0.33,24.7,0,19
93.7428111,0.33,24.7,0,19
93.7761444,0.33,24.79,0,19
93.8094666,0.33,24.89,0,19
93.8427888,0.33,24.89,0,19
93.8761333,0.33,24.89,0,19
93.9094444,0.33,24.89,0,19
93.9427666,0.34,24.89,0,19
93.9761,0.34,24.89,0,19
94.0094111,0.34,24.89,0,19
94.0427444,0.34,24.89,0,19
94.0760666,0.34,24.89,0,19
94.1093888,0.34,24.89,0,19
94.1427222,0.34,24.869,0,19
94.1760333,0.34,24.69,0,19
94.2093666,0.34,24.69,0,19
94.2426777,0.34,24.69,0,19
94.2760111,0.34,24.69,0,19
94.3093333,0.34,24.69,0,19
94.3426666,0.34,24.69,0,19
94.376,0.34,24.69,0,19
94.4093222,0.34,24.69,0,19
94.4426333,0.34,24.69,0,19
94.4759666,0.34,24.69,0,19
94.5092777,0.34,24.69,0,19
94.5425888,0.34,24.69,0,19
94.5759333,0.34,24.69,0,19
94.6092555,0.34,24.69,0,19
94.6426,0.34,24.69,0,19
94.6759222,0.34,24.69,0,19
94.7092222,0.34,24.69,0,19
94.7425666,0.38,24.69,0,19
94.7759,0.35,24.69,0,19
94.8092333,0.35,24.69,0,19
94.8425444,0.35,24.69,0,19
94.8759,0.35,24.69,0,19
94.9091888,0.35,24.69,0,19
94.9425222,0.35,24.69,0,19
94.9758333,0.35,24.69,0,19
95.0091777,0.35,24.69,0,19
95.0425,0.35,24.69,0,19
95.0758777,0.35,24.69,0,NaN
95.1091333,0.35,24.69,0,NaN
95.1424777,0.35,24.69,0,NaN
95.1757888,0.35,24.69,0,NaN
95.2091111,0.369999999999999,24.69,0,NaN
95.2424444,0.369999999999999,24.69,0,NaN
95.2757555,0.369999999999999,24.69,0,NaN
95.3090888,0.369999999999999,24.69,0,NaN
95.3424111,0.369999999999999,24.69,0,NaN
95.3757333,0.369999999999999,24.69,0,NaN
95.4090555,0.369999999999999,24.69,0,NaN
95.4423777,0.369999999999999,24.69,0,NaN
95.4758222,0.369999999999999,24.69,0,NaN
95.5093,0.369999999999999,24.69,0,NaN
